{"type":"console","messageType":"log","text":"[Fast Refresh] rebuilding","args":[{"preview":"[Fast Refresh] rebuilding","value":"[Fast Refresh] rebuilding"}],"location":{"url":"http://localhost:3000/_next/static/chunks/fc97a_next_dist_client_260848._.js","lineNumber":12393,"columnNumber":24},"time":3197673.5,"pageId":"page@757f4f0249d7f8a50573a04e76c657e0"}
{"type":"screencast-frame","pageId":"page@757f4f0249d7f8a50573a04e76c657e0","sha1":"page@757f4f0249d7f8a50573a04e76c657e0-1770218868849.jpeg","width":390,"height":844,"timestamp":3199993.89,"frameSwapWallTime":1770218868846.5012}
{"type":"screencast-frame","pageId":"page@757f4f0249d7f8a50573a04e76c657e0","sha1":"page@757f4f0249d7f8a50573a04e76c657e0-1770218868889.jpeg","width":390,"height":844,"timestamp":3200033.393,"frameSwapWallTime":1770218868887.083}
{"type":"screencast-frame","pageId":"page@757f4f0249d7f8a50573a04e76c657e0","sha1":"page@757f4f0249d7f8a50573a04e76c657e0-1770218868937.jpeg","width":390,"height":844,"timestamp":3200081.309,"frameSwapWallTime":1770218868935.104}
{"type":"screencast-frame","pageId":"page@757f4f0249d7f8a50573a04e76c657e0","sha1":"page@757f4f0249d7f8a50573a04e76c657e0-1770218869036.jpeg","width":390,"height":844,"timestamp":3200180.49,"frameSwapWallTime":1770218869034.365}
{"type":"screencast-frame","pageId":"page@757f4f0249d7f8a50573a04e76c657e0","sha1":"page@757f4f0249d7f8a50573a04e76c657e0-1770218869238.jpeg","width":390,"height":844,"timestamp":3200382.2,"frameSwapWallTime":1770218869235.973}
{"type":"screencast-frame","pageId":"page@757f4f0249d7f8a50573a04e76c657e0","sha1":"page@757f4f0249d7f8a50573a04e76c657e0-1770218871836.jpeg","width":390,"height":844,"timestamp":3202980.278,"frameSwapWallTime":1770218871833.916}
{"type":"screencast-frame","pageId":"page@757f4f0249d7f8a50573a04e76c657e0","sha1":"page@757f4f0249d7f8a50573a04e76c657e0-1770218871885.jpeg","width":390,"height":844,"timestamp":3203029.728,"frameSwapWallTime":1770218871883.445}
{"type":"screencast-frame","pageId":"page@757f4f0249d7f8a50573a04e76c657e0","sha1":"page@757f4f0249d7f8a50573a04e76c657e0-1770218871935.jpeg","width":390,"height":844,"timestamp":3203079.049,"frameSwapWallTime":1770218871932.844}
{"type":"screencast-frame","pageId":"page@757f4f0249d7f8a50573a04e76c657e0","sha1":"page@757f4f0249d7f8a50573a04e76c657e0-1770218871981.jpeg","width":390,"height":844,"timestamp":3203125.008,"frameSwapWallTime":1770218871978.8188}
{"type":"screencast-frame","pageId":"page@757f4f0249d7f8a50573a04e76c657e0","sha1":"page@757f4f0249d7f8a50573a04e76c657e0-1770218872082.jpeg","width":390,"height":844,"timestamp":3203226.074,"frameSwapWallTime":1770218872079.609}
{"type":"screencast-frame","pageId":"page@757f4f0249d7f8a50573a04e76c657e0","sha1":"page@757f4f0249d7f8a50573a04e76c657e0-1770218872270.jpeg","width":390,"height":844,"timestamp":3203414.441,"frameSwapWallTime":1770218872268.26}
{"type":"screencast-frame","pageId":"page@757f4f0249d7f8a50573a04e76c657e0","sha1":"page@757f4f0249d7f8a50573a04e76c657e0-1770218874846.jpeg","width":390,"height":844,"timestamp":3205990.537,"frameSwapWallTime":1770218874843.811}
{"type":"screencast-frame","pageId":"page@757f4f0249d7f8a50573a04e76c657e0","sha1":"page@757f4f0249d7f8a50573a04e76c657e0-1770218874894.jpeg","width":390,"height":844,"timestamp":3206038.275,"frameSwapWallTime":1770218874891.584}
{"type":"screencast-frame","pageId":"page@757f4f0249d7f8a50573a04e76c657e0","sha1":"page@757f4f0249d7f8a50573a04e76c657e0-1770218874944.jpeg","width":390,"height":844,"timestamp":3206088.327,"frameSwapWallTime":1770218874942.2642}
{"type":"screencast-frame","pageId":"page@757f4f0249d7f8a50573a04e76c657e0","sha1":"page@757f4f0249d7f8a50573a04e76c657e0-1770218874992.jpeg","width":390,"height":844,"timestamp":3206136.019,"frameSwapWallTime":1770218874989.848}
{"type":"screencast-frame","pageId":"page@757f4f0249d7f8a50573a04e76c657e0","sha1":"page@757f4f0249d7f8a50573a04e76c657e0-1770218875093.jpeg","width":390,"height":844,"timestamp":3206237.461,"frameSwapWallTime":1770218875091.1602}
{"type":"screencast-frame","pageId":"page@757f4f0249d7f8a50573a04e76c657e0","sha1":"page@757f4f0249d7f8a50573a04e76c657e0-1770218875288.jpeg","width":390,"height":844,"timestamp":3206432.097,"frameSwapWallTime":1770218875286}
{"type":"screencast-frame","pageId":"page@757f4f0249d7f8a50573a04e76c657e0","sha1":"page@757f4f0249d7f8a50573a04e76c657e0-1770218877863.jpeg","width":390,"height":844,"timestamp":3209007.903,"frameSwapWallTime":1770218877860.455}
{"type":"screencast-frame","pageId":"page@757f4f0249d7f8a50573a04e76c657e0","sha1":"page@757f4f0249d7f8a50573a04e76c657e0-1770218877917.jpeg","width":390,"height":844,"timestamp":3209061.083,"frameSwapWallTime":1770218877914.9321}
{"type":"screencast-frame","pageId":"page@757f4f0249d7f8a50573a04e76c657e0","sha1":"page@757f4f0249d7f8a50573a04e76c657e0-1770218877973.jpeg","width":390,"height":844,"timestamp":3209117.429,"frameSwapWallTime":1770218877970.471}
{"type":"screencast-frame","pageId":"page@757f4f0249d7f8a50573a04e76c657e0","sha1":"page@757f4f0249d7f8a50573a04e76c657e0-1770218878029.jpeg","width":390,"height":844,"timestamp":3209173.299,"frameSwapWallTime":1770218878027.143}
{"type":"screencast-frame","pageId":"page@757f4f0249d7f8a50573a04e76c657e0","sha1":"page@757f4f0249d7f8a50573a04e76c657e0-1770218878101.jpeg","width":390,"height":844,"timestamp":3209245.646,"frameSwapWallTime":1770218878098.768}
{"type":"screencast-frame","pageId":"page@757f4f0249d7f8a50573a04e76c657e0","sha1":"page@757f4f0249d7f8a50573a04e76c657e0-1770218878327.jpeg","width":390,"height":844,"timestamp":3209471.451,"frameSwapWallTime":1770218878325.234}
{"type":"screencast-frame","pageId":"page@757f4f0249d7f8a50573a04e76c657e0","sha1":"page@757f4f0249d7f8a50573a04e76c657e0-1770218880856.jpeg","width":390,"height":844,"timestamp":3212000.681,"frameSwapWallTime":1770218880853.7732}
{"type":"screencast-frame","pageId":"page@757f4f0249d7f8a50573a04e76c657e0","sha1":"page@757f4f0249d7f8a50573a04e76c657e0-1770218880902.jpeg","width":390,"height":844,"timestamp":3212046.603,"frameSwapWallTime":1770218880900.542}
{"type":"screencast-frame","pageId":"page@757f4f0249d7f8a50573a04e76c657e0","sha1":"page@757f4f0249d7f8a50573a04e76c657e0-1770218880953.jpeg","width":390,"height":844,"timestamp":3212097.678,"frameSwapWallTime":1770218880951.66}
{"type":"screencast-frame","pageId":"page@757f4f0249d7f8a50573a04e76c657e0","sha1":"page@757f4f0249d7f8a50573a04e76c657e0-1770218881003.jpeg","width":390,"height":844,"timestamp":3212147.637,"frameSwapWallTime":1770218881001.6328}
{"type":"screencast-frame","pageId":"page@757f4f0249d7f8a50573a04e76c657e0","sha1":"page@757f4f0249d7f8a50573a04e76c657e0-1770218881100.jpeg","width":390,"height":844,"timestamp":3212244.542,"frameSwapWallTime":1770218881098.443}
{"type":"screencast-frame","pageId":"page@757f4f0249d7f8a50573a04e76c657e0","sha1":"page@757f4f0249d7f8a50573a04e76c657e0-1770218883838.jpeg","width":390,"height":844,"timestamp":3214982.872,"frameSwapWallTime":1770218883836.162}
{"type":"screencast-frame","pageId":"page@757f4f0249d7f8a50573a04e76c657e0","sha1":"page@757f4f0249d7f8a50573a04e76c657e0-1770218883890.jpeg","width":390,"height":844,"timestamp":3215034.602,"frameSwapWallTime":1770218883888.2598}
{"type":"screencast-frame","pageId":"page@757f4f0249d7f8a50573a04e76c657e0","sha1":"page@757f4f0249d7f8a50573a04e76c657e0-1770218883938.jpeg","width":390,"height":844,"timestamp":3215082.063,"frameSwapWallTime":1770218883935.909}
{"type":"screencast-frame","pageId":"page@757f4f0249d7f8a50573a04e76c657e0","sha1":"page@757f4f0249d7f8a50573a04e76c657e0-1770218883984.jpeg","width":390,"height":844,"timestamp":3215128.5,"frameSwapWallTime":1770218883982.504}
{"type":"screencast-frame","pageId":"page@757f4f0249d7f8a50573a04e76c657e0","sha1":"page@757f4f0249d7f8a50573a04e76c657e0-1770218884123.jpeg","width":390,"height":844,"timestamp":3215267.766,"frameSwapWallTime":1770218884121.6208}
{"type":"screencast-frame","pageId":"page@757f4f0249d7f8a50573a04e76c657e0","sha1":"page@757f4f0249d7f8a50573a04e76c657e0-1770218886844.jpeg","width":390,"height":844,"timestamp":3217988.858,"frameSwapWallTime":1770218886841.905}
{"type":"screencast-frame","pageId":"page@757f4f0249d7f8a50573a04e76c657e0","sha1":"page@757f4f0249d7f8a50573a04e76c657e0-1770218886882.jpeg","width":390,"height":844,"timestamp":3218026.85,"frameSwapWallTime":1770218886880.8489}
{"type":"screencast-frame","pageId":"page@757f4f0249d7f8a50573a04e76c657e0","sha1":"page@757f4f0249d7f8a50573a04e76c657e0-1770218886929.jpeg","width":390,"height":844,"timestamp":3218073.826,"frameSwapWallTime":1770218886927.5962}
{"type":"screencast-frame","pageId":"page@757f4f0249d7f8a50573a04e76c657e0","sha1":"page@757f4f0249d7f8a50573a04e76c657e0-1770218886976.jpeg","width":390,"height":844,"timestamp":3218120.202,"frameSwapWallTime":1770218886974.239}
{"type":"screencast-frame","pageId":"page@757f4f0249d7f8a50573a04e76c657e0","sha1":"page@757f4f0249d7f8a50573a04e76c657e0-1770218887121.jpeg","width":390,"height":844,"timestamp":3218265.49,"frameSwapWallTime":1770218887119.48}
{"type":"screencast-frame","pageId":"page@757f4f0249d7f8a50573a04e76c657e0","sha1":"page@757f4f0249d7f8a50573a04e76c657e0-1770218889863.jpeg","width":390,"height":844,"timestamp":3221007.43,"frameSwapWallTime":1770218889860.365}
{"type":"screencast-frame","pageId":"page@757f4f0249d7f8a50573a04e76c657e0","sha1":"page@757f4f0249d7f8a50573a04e76c657e0-1770218889904.jpeg","width":390,"height":844,"timestamp":3221048.729,"frameSwapWallTime":1770218889902.779}
{"type":"screencast-frame","pageId":"page@757f4f0249d7f8a50573a04e76c657e0","sha1":"page@757f4f0249d7f8a50573a04e76c657e0-1770218889966.jpeg","width":390,"height":844,"timestamp":3221110.037,"frameSwapWallTime":1770218889964.097}
{"type":"screencast-frame","pageId":"page@757f4f0249d7f8a50573a04e76c657e0","sha1":"page@757f4f0249d7f8a50573a04e76c657e0-1770218890016.jpeg","width":390,"height":844,"timestamp":3221160.182,"frameSwapWallTime":1770218890014.216}
{"type":"screencast-frame","pageId":"page@757f4f0249d7f8a50573a04e76c657e0","sha1":"page@757f4f0249d7f8a50573a04e76c657e0-1770218890179.jpeg","width":390,"height":844,"timestamp":3221323.073,"frameSwapWallTime":1770218890176.8}
{"type":"screencast-frame","pageId":"page@757f4f0249d7f8a50573a04e76c657e0","sha1":"page@757f4f0249d7f8a50573a04e76c657e0-1770218892859.jpeg","width":390,"height":844,"timestamp":3224003.808,"frameSwapWallTime":1770218892855.4111}
{"type":"screencast-frame","pageId":"page@757f4f0249d7f8a50573a04e76c657e0","sha1":"page@757f4f0249d7f8a50573a04e76c657e0-1770218892907.jpeg","width":390,"height":844,"timestamp":3224051.856,"frameSwapWallTime":1770218892905.6858}
{"type":"screencast-frame","pageId":"page@757f4f0249d7f8a50573a04e76c657e0","sha1":"page@757f4f0249d7f8a50573a04e76c657e0-1770218892957.jpeg","width":390,"height":844,"timestamp":3224101.624,"frameSwapWallTime":1770218892955.617}
{"type":"screencast-frame","pageId":"page@757f4f0249d7f8a50573a04e76c657e0","sha1":"page@757f4f0249d7f8a50573a04e76c657e0-1770218893005.jpeg","width":390,"height":844,"timestamp":3224149.488,"frameSwapWallTime":1770218893003.477}
{"type":"screencast-frame","pageId":"page@757f4f0249d7f8a50573a04e76c657e0","sha1":"page@757f4f0249d7f8a50573a04e76c657e0-1770218893191.jpeg","width":390,"height":844,"timestamp":3224334.902,"frameSwapWallTime":1770218893188.7861}
{"type":"screencast-frame","pageId":"page@757f4f0249d7f8a50573a04e76c657e0","sha1":"page@757f4f0249d7f8a50573a04e76c657e0-1770218895837.jpeg","width":390,"height":844,"timestamp":3226980.986,"frameSwapWallTime":1770218895834.907}
{"type":"screencast-frame","pageId":"page@757f4f0249d7f8a50573a04e76c657e0","sha1":"page@757f4f0249d7f8a50573a04e76c657e0-1770218895892.jpeg","width":390,"height":844,"timestamp":3227036.066,"frameSwapWallTime":1770218895887.461}
{"type":"screencast-frame","pageId":"page@757f4f0249d7f8a50573a04e76c657e0","sha1":"page@757f4f0249d7f8a50573a04e76c657e0-1770218895949.jpeg","width":390,"height":844,"timestamp":3227093.205,"frameSwapWallTime":1770218895947.023}
{"type":"screencast-frame","pageId":"page@757f4f0249d7f8a50573a04e76c657e0","sha1":"page@757f4f0249d7f8a50573a04e76c657e0-1770218896004.jpeg","width":390,"height":844,"timestamp":3227148.66,"frameSwapWallTime":1770218896001.759}
{"type":"screencast-frame","pageId":"page@757f4f0249d7f8a50573a04e76c657e0","sha1":"page@757f4f0249d7f8a50573a04e76c657e0-1770218896175.jpeg","width":390,"height":844,"timestamp":3227319.27,"frameSwapWallTime":1770218896173.347}
{"type":"screencast-frame","pageId":"page@757f4f0249d7f8a50573a04e76c657e0","sha1":"page@757f4f0249d7f8a50573a04e76c657e0-1770218898972.jpeg","width":390,"height":844,"timestamp":3230116.737,"frameSwapWallTime":1770218898963.719}
{"type":"screencast-frame","pageId":"page@757f4f0249d7f8a50573a04e76c657e0","sha1":"page@757f4f0249d7f8a50573a04e76c657e0-1770218899183.jpeg","width":390,"height":844,"timestamp":3230327.127,"frameSwapWallTime":1770218899175.466}
{"type":"screencast-frame","pageId":"page@757f4f0249d7f8a50573a04e76c657e0","sha1":"page@757f4f0249d7f8a50573a04e76c657e0-1770218899755.jpeg","width":390,"height":844,"timestamp":3230899.505,"frameSwapWallTime":1770218899742.9211}
{"type":"console","messageType":"log","text":"[Fast Refresh] rebuilding","args":[{"preview":"[Fast Refresh] rebuilding","value":"[Fast Refresh] rebuilding"}],"location":{"url":"http://localhost:3000/_next/static/chunks/fc97a_next_dist_client_260848._.js","lineNumber":12393,"columnNumber":24},"time":3231160.541,"pageId":"page@757f4f0249d7f8a50573a04e76c657e0"}
{"type":"screencast-frame","pageId":"page@757f4f0249d7f8a50573a04e76c657e0","sha1":"page@757f4f0249d7f8a50573a04e76c657e0-1770218900071.jpeg","width":390,"height":844,"timestamp":3231215.538,"frameSwapWallTime":1770218900068.441}
{"type":"screencast-frame","pageId":"page@757f4f0249d7f8a50573a04e76c657e0","sha1":"page@757f4f0249d7f8a50573a04e76c657e0-1770218900147.jpeg","width":390,"height":844,"timestamp":3231291.481,"frameSwapWallTime":1770218900144.8318}
{"type":"screencast-frame","pageId":"page@757f4f0249d7f8a50573a04e76c657e0","sha1":"page@757f4f0249d7f8a50573a04e76c657e0-1770218901840.jpeg","width":390,"height":844,"timestamp":3232984.251,"frameSwapWallTime":1770218901837.812}
{"type":"screencast-frame","pageId":"page@757f4f0249d7f8a50573a04e76c657e0","sha1":"page@757f4f0249d7f8a50573a04e76c657e0-1770218901900.jpeg","width":390,"height":844,"timestamp":3233044.13,"frameSwapWallTime":1770218901897.1108}
{"type":"screencast-frame","pageId":"page@757f4f0249d7f8a50573a04e76c657e0","sha1":"page@757f4f0249d7f8a50573a04e76c657e0-1770218901953.jpeg","width":390,"height":844,"timestamp":3233097.587,"frameSwapWallTime":1770218901951.141}
{"type":"screencast-frame","pageId":"page@757f4f0249d7f8a50573a04e76c657e0","sha1":"page@757f4f0249d7f8a50573a04e76c657e0-1770218902086.jpeg","width":390,"height":844,"timestamp":3233230.109,"frameSwapWallTime":1770218902082.8618}
{"type":"screencast-frame","pageId":"page@757f4f0249d7f8a50573a04e76c657e0","sha1":"page@757f4f0249d7f8a50573a04e76c657e0-1770218902236.jpeg","width":390,"height":844,"timestamp":3233380.331,"frameSwapWallTime":1770218902234.253}
{"type":"screencast-frame","pageId":"page@757f4f0249d7f8a50573a04e76c657e0","sha1":"page@757f4f0249d7f8a50573a04e76c657e0-1770218904893.jpeg","width":390,"height":844,"timestamp":3236037.102,"frameSwapWallTime":1770218904890.751}
{"type":"screencast-frame","pageId":"page@757f4f0249d7f8a50573a04e76c657e0","sha1":"page@757f4f0249d7f8a50573a04e76c657e0-1770218904938.jpeg","width":390,"height":844,"timestamp":3236081.986,"frameSwapWallTime":1770218904935.911}
{"type":"screencast-frame","pageId":"page@757f4f0249d7f8a50573a04e76c657e0","sha1":"page@757f4f0249d7f8a50573a04e76c657e0-1770218904992.jpeg","width":390,"height":844,"timestamp":3236135.848,"frameSwapWallTime":1770218904989.0398}
{"type":"screencast-frame","pageId":"page@757f4f0249d7f8a50573a04e76c657e0","sha1":"page@757f4f0249d7f8a50573a04e76c657e0-1770218905100.jpeg","width":390,"height":844,"timestamp":3236244.737,"frameSwapWallTime":1770218905098.5242}
{"type":"screencast-frame","pageId":"page@757f4f0249d7f8a50573a04e76c657e0","sha1":"page@757f4f0249d7f8a50573a04e76c657e0-1770218907847.jpeg","width":390,"height":844,"timestamp":3238991.551,"frameSwapWallTime":1770218907845.42}
{"type":"screencast-frame","pageId":"page@757f4f0249d7f8a50573a04e76c657e0","sha1":"page@757f4f0249d7f8a50573a04e76c657e0-1770218907930.jpeg","width":390,"height":844,"timestamp":3239073.839,"frameSwapWallTime":1770218907927.541}
{"type":"screencast-frame","pageId":"page@757f4f0249d7f8a50573a04e76c657e0","sha1":"page@757f4f0249d7f8a50573a04e76c657e0-1770218907977.jpeg","width":390,"height":844,"timestamp":3239121.058,"frameSwapWallTime":1770218907975.155}
{"type":"screencast-frame","pageId":"page@757f4f0249d7f8a50573a04e76c657e0","sha1":"page@757f4f0249d7f8a50573a04e76c657e0-1770218908025.jpeg","width":390,"height":844,"timestamp":3239169.608,"frameSwapWallTime":1770218908023.7278}
{"type":"screencast-frame","pageId":"page@757f4f0249d7f8a50573a04e76c657e0","sha1":"page@757f4f0249d7f8a50573a04e76c657e0-1770218908076.jpeg","width":390,"height":844,"timestamp":3239220.051,"frameSwapWallTime":1770218908074.096}
{"type":"screencast-frame","pageId":"page@757f4f0249d7f8a50573a04e76c657e0","sha1":"page@757f4f0249d7f8a50573a04e76c657e0-1770218908264.jpeg","width":390,"height":844,"timestamp":3239408.499,"frameSwapWallTime":1770218908262.5698}
{"type":"screencast-frame","pageId":"page@757f4f0249d7f8a50573a04e76c657e0","sha1":"page@757f4f0249d7f8a50573a04e76c657e0-1770218910853.jpeg","width":390,"height":844,"timestamp":3241997.375,"frameSwapWallTime":1770218910850.867}
{"type":"screencast-frame","pageId":"page@757f4f0249d7f8a50573a04e76c657e0","sha1":"page@757f4f0249d7f8a50573a04e76c657e0-1770218910894.jpeg","width":390,"height":844,"timestamp":3242038.164,"frameSwapWallTime":1770218910892.2888}
{"type":"screencast-frame","pageId":"page@757f4f0249d7f8a50573a04e76c657e0","sha1":"page@757f4f0249d7f8a50573a04e76c657e0-1770218910940.jpeg","width":390,"height":844,"timestamp":3242084.334,"frameSwapWallTime":1770218910938.432}
{"type":"screencast-frame","pageId":"page@757f4f0249d7f8a50573a04e76c657e0","sha1":"page@757f4f0249d7f8a50573a04e76c657e0-1770218910987.jpeg","width":390,"height":844,"timestamp":3242131.733,"frameSwapWallTime":1770218910985.453}
{"type":"screencast-frame","pageId":"page@757f4f0249d7f8a50573a04e76c657e0","sha1":"page@757f4f0249d7f8a50573a04e76c657e0-1770218911087.jpeg","width":390,"height":844,"timestamp":3242231.548,"frameSwapWallTime":1770218911085.284}
{"type":"screencast-frame","pageId":"page@757f4f0249d7f8a50573a04e76c657e0","sha1":"page@757f4f0249d7f8a50573a04e76c657e0-1770218911289.jpeg","width":390,"height":844,"timestamp":3242433.231,"frameSwapWallTime":1770218911287.3682}
{"type":"screencast-frame","pageId":"page@757f4f0249d7f8a50573a04e76c657e0","sha1":"page@757f4f0249d7f8a50573a04e76c657e0-1770218913838.jpeg","width":390,"height":844,"timestamp":3244981.804,"frameSwapWallTime":1770218913835.51}
{"type":"screencast-frame","pageId":"page@757f4f0249d7f8a50573a04e76c657e0","sha1":"page@757f4f0249d7f8a50573a04e76c657e0-1770218913889.jpeg","width":390,"height":844,"timestamp":3245033.097,"frameSwapWallTime":1770218913887.327}
{"type":"screencast-frame","pageId":"page@757f4f0249d7f8a50573a04e76c657e0","sha1":"page@757f4f0249d7f8a50573a04e76c657e0-1770218913936.jpeg","width":390,"height":844,"timestamp":3245080.482,"frameSwapWallTime":1770218913934.649}
{"type":"screencast-frame","pageId":"page@757f4f0249d7f8a50573a04e76c657e0","sha1":"page@757f4f0249d7f8a50573a04e76c657e0-1770218913985.jpeg","width":390,"height":844,"timestamp":3245129.272,"frameSwapWallTime":1770218913983.4558}
{"type":"screencast-frame","pageId":"page@757f4f0249d7f8a50573a04e76c657e0","sha1":"page@757f4f0249d7f8a50573a04e76c657e0-1770218914127.jpeg","width":390,"height":844,"timestamp":3245270.988,"frameSwapWallTime":1770218914125.119}
{"type":"screencast-frame","pageId":"page@757f4f0249d7f8a50573a04e76c657e0","sha1":"page@757f4f0249d7f8a50573a04e76c657e0-1770218916850.jpeg","width":390,"height":844,"timestamp":3247994.136,"frameSwapWallTime":1770218916847.6738}
{"type":"screencast-frame","pageId":"page@757f4f0249d7f8a50573a04e76c657e0","sha1":"page@757f4f0249d7f8a50573a04e76c657e0-1770218916890.jpeg","width":390,"height":844,"timestamp":3248033.789,"frameSwapWallTime":1770218916887.697}
{"type":"screencast-frame","pageId":"page@757f4f0249d7f8a50573a04e76c657e0","sha1":"page@757f4f0249d7f8a50573a04e76c657e0-1770218916937.jpeg","width":390,"height":844,"timestamp":3248081.207,"frameSwapWallTime":1770218916935.441}
{"type":"screencast-frame","pageId":"page@757f4f0249d7f8a50573a04e76c657e0","sha1":"page@757f4f0249d7f8a50573a04e76c657e0-1770218916983.jpeg","width":390,"height":844,"timestamp":3248127.688,"frameSwapWallTime":1770218916981.822}
{"type":"screencast-frame","pageId":"page@757f4f0249d7f8a50573a04e76c657e0","sha1":"page@757f4f0249d7f8a50573a04e76c657e0-1770218917129.jpeg","width":390,"height":844,"timestamp":3248273.612,"frameSwapWallTime":1770218917127.749}
{"type":"screencast-frame","pageId":"page@757f4f0249d7f8a50573a04e76c657e0","sha1":"page@757f4f0249d7f8a50573a04e76c657e0-1770218919848.jpeg","width":390,"height":844,"timestamp":3250992.364,"frameSwapWallTime":1770218919846.525}
{"type":"screencast-frame","pageId":"page@757f4f0249d7f8a50573a04e76c657e0","sha1":"page@757f4f0249d7f8a50573a04e76c657e0-1770218919897.jpeg","width":390,"height":844,"timestamp":3251041.268,"frameSwapWallTime":1770218919895.277}
{"type":"screencast-frame","pageId":"page@757f4f0249d7f8a50573a04e76c657e0","sha1":"page@757f4f0249d7f8a50573a04e76c657e0-1770218919946.jpeg","width":390,"height":844,"timestamp":3251089.946,"frameSwapWallTime":1770218919943.5989}
{"type":"screencast-frame","pageId":"page@757f4f0249d7f8a50573a04e76c657e0","sha1":"page@757f4f0249d7f8a50573a04e76c657e0-1770218920002.jpeg","width":390,"height":844,"timestamp":3251146.123,"frameSwapWallTime":1770218920000.2798}
{"type":"screencast-frame","pageId":"page@757f4f0249d7f8a50573a04e76c657e0","sha1":"page@757f4f0249d7f8a50573a04e76c657e0-1770218920145.jpeg","width":390,"height":844,"timestamp":3251289.553,"frameSwapWallTime":1770218920141.98}
{"type":"screencast-frame","pageId":"page@757f4f0249d7f8a50573a04e76c657e0","sha1":"page@757f4f0249d7f8a50573a04e76c657e0-1770218922843.jpeg","width":390,"height":844,"timestamp":3253987.131,"frameSwapWallTime":1770218922841.1602}
{"type":"screencast-frame","pageId":"page@757f4f0249d7f8a50573a04e76c657e0","sha1":"page@757f4f0249d7f8a50573a04e76c657e0-1770218922883.jpeg","width":390,"height":844,"timestamp":3254027.37,"frameSwapWallTime":1770218922881.571}
{"type":"screencast-frame","pageId":"page@757f4f0249d7f8a50573a04e76c657e0","sha1":"page@757f4f0249d7f8a50573a04e76c657e0-1770218922944.jpeg","width":390,"height":844,"timestamp":3254088.101,"frameSwapWallTime":1770218922942.2258}
{"type":"screencast-frame","pageId":"page@757f4f0249d7f8a50573a04e76c657e0","sha1":"page@757f4f0249d7f8a50573a04e76c657e0-1770218922994.jpeg","width":390,"height":844,"timestamp":3254137.845,"frameSwapWallTime":1770218922992.059}
{"type":"screencast-frame","pageId":"page@757f4f0249d7f8a50573a04e76c657e0","sha1":"page@757f4f0249d7f8a50573a04e76c657e0-1770218923138.jpeg","width":390,"height":844,"timestamp":3254282.088,"frameSwapWallTime":1770218923136.159}
{"type":"screencast-frame","pageId":"page@757f4f0249d7f8a50573a04e76c657e0","sha1":"page@757f4f0249d7f8a50573a04e76c657e0-1770218925852.jpeg","width":390,"height":844,"timestamp":3256995.709,"frameSwapWallTime":1770218925849.3098}
{"type":"screencast-frame","pageId":"page@757f4f0249d7f8a50573a04e76c657e0","sha1":"page@757f4f0249d7f8a50573a04e76c657e0-1770218925891.jpeg","width":390,"height":844,"timestamp":3257035.429,"frameSwapWallTime":1770218925889.499}
{"type":"screencast-frame","pageId":"page@757f4f0249d7f8a50573a04e76c657e0","sha1":"page@757f4f0249d7f8a50573a04e76c657e0-1770218925941.jpeg","width":390,"height":844,"timestamp":3257085.051,"frameSwapWallTime":1770218925939.107}
{"type":"screencast-frame","pageId":"page@757f4f0249d7f8a50573a04e76c657e0","sha1":"page@757f4f0249d7f8a50573a04e76c657e0-1770218925990.jpeg","width":390,"height":844,"timestamp":3257134.044,"frameSwapWallTime":1770218925988.024}
{"type":"screencast-frame","pageId":"page@757f4f0249d7f8a50573a04e76c657e0","sha1":"page@757f4f0249d7f8a50573a04e76c657e0-1770218926143.jpeg","width":390,"height":844,"timestamp":3257286.96,"frameSwapWallTime":1770218926141.1409}
{"type":"screencast-frame","pageId":"page@757f4f0249d7f8a50573a04e76c657e0","sha1":"page@757f4f0249d7f8a50573a04e76c657e0-1770218928855.jpeg","width":390,"height":844,"timestamp":3259999.22,"frameSwapWallTime":1770218928852.253}
{"type":"screencast-frame","pageId":"page@757f4f0249d7f8a50573a04e76c657e0","sha1":"page@757f4f0249d7f8a50573a04e76c657e0-1770218928896.jpeg","width":390,"height":844,"timestamp":3260039.654,"frameSwapWallTime":1770218928893.8}
{"type":"screencast-frame","pageId":"page@757f4f0249d7f8a50573a04e76c657e0","sha1":"page@757f4f0249d7f8a50573a04e76c657e0-1770218928946.jpeg","width":390,"height":844,"timestamp":3260090.263,"frameSwapWallTime":1770218928944.484}
{"type":"screencast-frame","pageId":"page@757f4f0249d7f8a50573a04e76c657e0","sha1":"page@757f4f0249d7f8a50573a04e76c657e0-1770218928994.jpeg","width":390,"height":844,"timestamp":3260138.525,"frameSwapWallTime":1770218928992.758}
{"type":"screencast-frame","pageId":"page@757f4f0249d7f8a50573a04e76c657e0","sha1":"page@757f4f0249d7f8a50573a04e76c657e0-1770218929178.jpeg","width":390,"height":844,"timestamp":3260321.872,"frameSwapWallTime":1770218929176.172}
{"type":"screencast-frame","pageId":"page@757f4f0249d7f8a50573a04e76c657e0","sha1":"page@757f4f0249d7f8a50573a04e76c657e0-1770218931836.jpeg","width":390,"height":844,"timestamp":3262979.917,"frameSwapWallTime":1770218931833.7368}
{"type":"screencast-frame","pageId":"page@757f4f0249d7f8a50573a04e76c657e0","sha1":"page@757f4f0249d7f8a50573a04e76c657e0-1770218931885.jpeg","width":390,"height":844,"timestamp":3263028.633,"frameSwapWallTime":1770218931882.863}
{"type":"screencast-frame","pageId":"page@757f4f0249d7f8a50573a04e76c657e0","sha1":"page@757f4f0249d7f8a50573a04e76c657e0-1770218931932.jpeg","width":390,"height":844,"timestamp":3263076.464,"frameSwapWallTime":1770218931930.429}
{"type":"screencast-frame","pageId":"page@757f4f0249d7f8a50573a04e76c657e0","sha1":"page@757f4f0249d7f8a50573a04e76c657e0-1770218931978.jpeg","width":390,"height":844,"timestamp":3263121.948,"frameSwapWallTime":1770218931976.23}
{"type":"screencast-frame","pageId":"page@757f4f0249d7f8a50573a04e76c657e0","sha1":"page@757f4f0249d7f8a50573a04e76c657e0-1770218932166.jpeg","width":390,"height":844,"timestamp":3263310.609,"frameSwapWallTime":1770218932164.788}
{"type":"screencast-frame","pageId":"page@757f4f0249d7f8a50573a04e76c657e0","sha1":"page@757f4f0249d7f8a50573a04e76c657e0-1770218934878.jpeg","width":390,"height":844,"timestamp":3266022.535,"frameSwapWallTime":1770218934875.804}
{"type":"screencast-frame","pageId":"page@757f4f0249d7f8a50573a04e76c657e0","sha1":"page@757f4f0249d7f8a50573a04e76c657e0-1770218934918.jpeg","width":390,"height":844,"timestamp":3266062.361,"frameSwapWallTime":1770218934916.6729}
{"type":"screencast-frame","pageId":"page@757f4f0249d7f8a50573a04e76c657e0","sha1":"page@757f4f0249d7f8a50573a04e76c657e0-1770218934966.jpeg","width":390,"height":844,"timestamp":3266110.208,"frameSwapWallTime":1770218934964.563}
{"type":"screencast-frame","pageId":"page@757f4f0249d7f8a50573a04e76c657e0","sha1":"page@757f4f0249d7f8a50573a04e76c657e0-1770218935013.jpeg","width":390,"height":844,"timestamp":3266157.202,"frameSwapWallTime":1770218935011.386}
{"type":"screencast-frame","pageId":"page@757f4f0249d7f8a50573a04e76c657e0","sha1":"page@757f4f0249d7f8a50573a04e76c657e0-1770218935206.jpeg","width":390,"height":844,"timestamp":3266349.751,"frameSwapWallTime":1770218935203.5789}
{"type":"screencast-frame","pageId":"page@757f4f0249d7f8a50573a04e76c657e0","sha1":"page@757f4f0249d7f8a50573a04e76c657e0-1770218937855.jpeg","width":390,"height":844,"timestamp":3268999.187,"frameSwapWallTime":1770218937852.067}
{"type":"screencast-frame","pageId":"page@757f4f0249d7f8a50573a04e76c657e0","sha1":"page@757f4f0249d7f8a50573a04e76c657e0-1770218937911.jpeg","width":390,"height":844,"timestamp":3269055.035,"frameSwapWallTime":1770218937909.162}
{"type":"screencast-frame","pageId":"page@757f4f0249d7f8a50573a04e76c657e0","sha1":"page@757f4f0249d7f8a50573a04e76c657e0-1770218937962.jpeg","width":390,"height":844,"timestamp":3269105.922,"frameSwapWallTime":1770218937960.168}
{"type":"screencast-frame","pageId":"page@757f4f0249d7f8a50573a04e76c657e0","sha1":"page@757f4f0249d7f8a50573a04e76c657e0-1770218938013.jpeg","width":390,"height":844,"timestamp":3269156.946,"frameSwapWallTime":1770218938011.261}
{"type":"screencast-frame","pageId":"page@757f4f0249d7f8a50573a04e76c657e0","sha1":"page@757f4f0249d7f8a50573a04e76c657e0-1770218938231.jpeg","width":390,"height":844,"timestamp":3269374.963,"frameSwapWallTime":1770218938229.303}
{"type":"screencast-frame","pageId":"page@757f4f0249d7f8a50573a04e76c657e0","sha1":"page@757f4f0249d7f8a50573a04e76c657e0-1770218940851.jpeg","width":390,"height":844,"timestamp":3271994.938,"frameSwapWallTime":1770218940848.785}
{"type":"screencast-frame","pageId":"page@757f4f0249d7f8a50573a04e76c657e0","sha1":"page@757f4f0249d7f8a50573a04e76c657e0-1770218940891.jpeg","width":390,"height":844,"timestamp":3272035.105,"frameSwapWallTime":1770218940889.384}
{"type":"screencast-frame","pageId":"page@757f4f0249d7f8a50573a04e76c657e0","sha1":"page@757f4f0249d7f8a50573a04e76c657e0-1770218940938.jpeg","width":390,"height":844,"timestamp":3272081.829,"frameSwapWallTime":1770218940936.221}
{"type":"screencast-frame","pageId":"page@757f4f0249d7f8a50573a04e76c657e0","sha1":"page@757f4f0249d7f8a50573a04e76c657e0-1770218941032.jpeg","width":390,"height":844,"timestamp":3272176.195,"frameSwapWallTime":1770218941030.272}
{"type":"screencast-frame","pageId":"page@757f4f0249d7f8a50573a04e76c657e0","sha1":"page@757f4f0249d7f8a50573a04e76c657e0-1770218941213.jpeg","width":390,"height":844,"timestamp":3272356.675,"frameSwapWallTime":1770218941210.4968}
{"type":"console","messageType":"log","text":"[Fast Refresh] rebuilding","args":[{"preview":"[Fast Refresh] rebuilding","value":"[Fast Refresh] rebuilding"}],"location":{"url":"http://localhost:3000/_next/static/chunks/fc97a_next_dist_client_260848._.js","lineNumber":12393,"columnNumber":24},"time":3273539.38,"pageId":"page@757f4f0249d7f8a50573a04e76c657e0"}
{"type":"console","messageType":"warning","text":"[Fast Refresh] performing full reload\n\nFast Refresh will perform a full reload when you edit a file that's imported by modules outside of the React rendering tree.\nYou might have a file which exports a React component but also exports a value that is imported by a non-React component file.\nConsider migrating the non-React component export to a separate file and importing it into both files.\n\nIt is also possible the parent component of the component you edited is a class component, which disables Fast Refresh.\nFast Refresh requires at least one parent function component in your React tree.","args":[{"preview":"[Fast Refresh] performing full reload\n\nFast Refresh will perform a full reload when you edit a file that's imported by modules outside of the React rendering tree.\nYou might have a file which exports a React component but also exports a value that is imported by a non-React component file.\nConsider migrating the non-React component export to a separate file and importing it into both files.\n\nIt is also possible the parent component of the component you edited is a class component, which disables Fast Refresh.\nFast Refresh requires at least one parent function component in your React tree.","value":"[Fast Refresh] performing full reload\n\nFast Refresh will perform a full reload when you edit a file that's imported by modules outside of the React rendering tree.\nYou might have a file which exports a React component but also exports a value that is imported by a non-React component file.\nConsider migrating the non-React component export to a separate file and importing it into both files.\n\nIt is also possible the parent component of the component you edited is a class component, which disables Fast Refresh.\nFast Refresh requires at least one parent function component in your React tree."}],"location":{"url":"http://localhost:3000/_next/static/chunks/%5Bturbopack%5D_dev_client_dcbd7d._.js","lineNumber":112,"columnNumber":28},"time":3274469.634,"pageId":"page@757f4f0249d7f8a50573a04e76c657e0"}
{"type":"console","messageType":"log","text":"[Fast Refresh] done in 934ms","args":[{"preview":"[Fast Refresh] done in 934ms","value":"[Fast Refresh] done in 934ms"}],"location":{"url":"http://localhost:3000/_next/static/chunks/fc97a_next_dist_client_260848._.js","lineNumber":12248,"columnNumber":12},"time":3274572.417,"pageId":"page@757f4f0249d7f8a50573a04e76c657e0"}
{"type":"console","messageType":"warning","text":"[Fast Refresh] performing full reload\n\nFast Refresh will perform a full reload when you edit a file that's imported by modules outside of the React rendering tree.\nYou might have a file which exports a React component but also exports a value that is imported by a non-React component file.\nConsider migrating the non-React component export to a separate file and importing it into both files.\n\nIt is also possible the parent component of the component you edited is a class component, which disables Fast Refresh.\nFast Refresh requires at least one parent function component in your React tree.","args":[{"preview":"[Fast Refresh] performing full reload\n\nFast Refresh will perform a full reload when you edit a file that's imported by modules outside of the React rendering tree.\nYou might have a file which exports a React component but also exports a value that is imported by a non-React component file.\nConsider migrating the non-React component export to a separate file and importing it into both files.\n\nIt is also possible the parent component of the component you edited is a class component, which disables Fast Refresh.\nFast Refresh requires at least one parent function component in your React tree.","value":"[Fast Refresh] performing full reload\n\nFast Refresh will perform a full reload when you edit a file that's imported by modules outside of the React rendering tree.\nYou might have a file which exports a React component but also exports a value that is imported by a non-React component file.\nConsider migrating the non-React component export to a separate file and importing it into both files.\n\nIt is also possible the parent component of the component you edited is a class component, which disables Fast Refresh.\nFast Refresh requires at least one parent function component in your React tree."}],"location":{"url":"http://localhost:3000/_next/static/chunks/%5Bturbopack%5D_dev_client_dcbd7d._.js","lineNumber":112,"columnNumber":28},"time":3274573.848,"pageId":"page@757f4f0249d7f8a50573a04e76c657e0"}
{"type":"console","messageType":"log","text":"[Fast Refresh] done in 936ms","args":[{"preview":"[Fast Refresh] done in 936ms","value":"[Fast Refresh] done in 936ms"}],"location":{"url":"http://localhost:3000/_next/static/chunks/fc97a_next_dist_client_260848._.js","lineNumber":12248,"columnNumber":12},"time":3274600.211,"pageId":"page@757f4f0249d7f8a50573a04e76c657e0"}
{"type":"console","messageType":"log","text":"[Fast Refresh] rebuilding","args":[{"preview":"[Fast Refresh] rebuilding","value":"[Fast Refresh] rebuilding"}],"location":{"url":"http://localhost:3000/_next/static/chunks/fc97a_next_dist_client_260848._.js","lineNumber":12393,"columnNumber":24},"time":3274698.632,"pageId":"page@757f4f0249d7f8a50573a04e76c657e0"}
{"type":"console","messageType":"log","text":"[Fast Refresh] rebuilding","args":[{"preview":"[Fast Refresh] rebuilding","value":"[Fast Refresh] rebuilding"}],"location":{"url":"http://localhost:3000/_next/static/chunks/fc97a_next_dist_client_260848._.js","lineNumber":12393,"columnNumber":24},"time":3274806.868,"pageId":"page@757f4f0249d7f8a50573a04e76c657e0"}
{"type":"console","messageType":"log","text":"[Fast Refresh] rebuilding","args":[{"preview":"[Fast Refresh] rebuilding","value":"[Fast Refresh] rebuilding"}],"location":{"url":"http://localhost:3000/_next/static/chunks/fc97a_next_dist_client_260848._.js","lineNumber":12393,"columnNumber":24},"time":3274871.743,"pageId":"page@757f4f0249d7f8a50573a04e76c657e0"}
{"type":"console","messageType":"log","text":"[Fast Refresh] rebuilding","args":[{"preview":"[Fast Refresh] rebuilding","value":"[Fast Refresh] rebuilding"}],"location":{"url":"http://localhost:3000/_next/static/chunks/fc97a_next_dist_client_260848._.js","lineNumber":12393,"columnNumber":24},"time":3274979.55,"pageId":"page@757f4f0249d7f8a50573a04e76c657e0"}
{"type":"screencast-frame","pageId":"page@757f4f0249d7f8a50573a04e76c657e0","sha1":"page@757f4f0249d7f8a50573a04e76c657e0-1770218943841.jpeg","width":390,"height":844,"timestamp":3274985.437,"frameSwapWallTime":1770218943839.0852}
{"type":"console","messageType":"log","text":"[Fast Refresh] rebuilding","args":[{"preview":"[Fast Refresh] rebuilding","value":"[Fast Refresh] rebuilding"}],"location":{"url":"http://localhost:3000/_next/static/chunks/fc97a_next_dist_client_260848._.js","lineNumber":12393,"columnNumber":24},"time":3275043.426,"pageId":"page@757f4f0249d7f8a50573a04e76c657e0"}
{"type":"screencast-frame","pageId":"page@757f4f0249d7f8a50573a04e76c657e0","sha1":"page@757f4f0249d7f8a50573a04e76c657e0-1770218943905.jpeg","width":390,"height":844,"timestamp":3275048.864,"frameSwapWallTime":1770218943902.646}
{"type":"screencast-frame","pageId":"page@757f4f0249d7f8a50573a04e76c657e0","sha1":"page@757f4f0249d7f8a50573a04e76c657e0-1770218943978.jpeg","width":390,"height":844,"timestamp":3275122.288,"frameSwapWallTime":1770218943975.6848}
{"type":"screencast-frame","pageId":"page@757f4f0249d7f8a50573a04e76c657e0","sha1":"page@757f4f0249d7f8a50573a04e76c657e0-1770218944034.jpeg","width":390,"height":844,"timestamp":3275178.016,"frameSwapWallTime":1770218944032.261}
{"type":"screencast-frame","pageId":"page@757f4f0249d7f8a50573a04e76c657e0","sha1":"page@757f4f0249d7f8a50573a04e76c657e0-1770218944231.jpeg","width":390,"height":844,"timestamp":3275374.929,"frameSwapWallTime":1770218944229.085}
{"type":"console","messageType":"error","text":"Failed to fetch RSC payload for http://localhost:3000/. Falling back to browser navigation. TypeError: Failed to fetch\n    at fetchServerResponse (http://localhost:3000/_next/static/chunks/fc97a_next_dist_client_260848._.js:365:27)\n    at fastRefreshReducerImpl (http://localhost:3000/_next/static/chunks/fc97a_next_dist_client_260848._.js:3123:67)\n    at clientReducer (http://localhost:3000/_next/static/chunks/fc97a_next_dist_client_260848._.js:3480:67)\n    at Object.action (http://localhost:3000/_next/static/chunks/fc97a_next_dist_7138d7._.js:592:55)\n    at runAction (http://localhost:3000/_next/static/chunks/fc97a_next_dist_7138d7._.js:498:38)\n    at runRemainingActions (http://localhost:3000/_next/static/chunks/fc97a_next_dist_7138d7._.js:472:13)\n    at handleResult (http://localhost:3000/_next/static/chunks/fc97a_next_dist_7138d7._.js:508:9)","args":[{"preview":"Failed to fetch RSC payload for http://localhost:3000/. Falling back to browser navigation.","value":"Failed to fetch RSC payload for http://localhost:3000/. Falling back to browser navigation."},{"preview":"TypeError: Failed to fetch\n    at fetchServerResponse (http://localhost:3000/_next/static/chunks/fc97a_next_dist_client_260848._.js:365:27)\n    at fastRefreshReducerImpl (http://localhost:3000/_next/static/chunks/fc97a_next_dist_client_260848._.js:3123:67)\n    at clientReducer (http://localhost:3000/_next/static/chunks/fc97a_next_dist_client_260848._.js:3480:67)\n    at Object.action (http://localhost:3000/_next/static/chunks/fc97a_next_dist_7138d7._.js:592:55)\n    at runAction (http://localhost:3000/_next/static/chunks/fc97a_next_dist_7138d7._.js:498:38)\n    at runRemainingActions (http://localhost:3000/_next/static/chunks/fc97a_next_dist_7138d7._.js:472:13)\n    at handleResult (http://localhost:3000/_next/static/chunks/fc97a_next_dist_7138d7._.js:508:9)"}],"location":{"url":"http://localhost:3000/_next/static/chunks/fc97a_next_dist_client_260848._.js","lineNumber":13389,"columnNumber":21},"time":3275599.585,"pageId":"page@757f4f0249d7f8a50573a04e76c657e0"}
{"type":"screencast-frame","pageId":"page@757f4f0249d7f8a50573a04e76c657e0","sha1":"page@757f4f0249d7f8a50573a04e76c657e0-1770218944910.jpeg","width":390,"height":844,"timestamp":3276054.467,"frameSwapWallTime":1770218944907.731}
{"type":"console","messageType":"info","text":"%cDownload the React DevTools for a better development experience: https://reactjs.org/link/react-devtools font-weight:bold","args":[{"preview":"%cDownload the React DevTools for a better development experience: https://reactjs.org/link/react-devtools","value":"%cDownload the React DevTools for a better development experience: https://reactjs.org/link/react-devtools"},{"preview":"font-weight:bold","value":"font-weight:bold"}],"location":{"url":"http://localhost:3000/_next/static/chunks/fc97a_next_dist_compiled_react-dom_cjs_react-dom_development_16a7b4.js","lineNumber":32458,"columnNumber":32},"time":3276302.972,"pageId":"page@757f4f0249d7f8a50573a04e76c657e0"}
{"type":"screencast-frame","pageId":"page@757f4f0249d7f8a50573a04e76c657e0","sha1":"page@757f4f0249d7f8a50573a04e76c657e0-1770218945645.jpeg","width":390,"height":844,"timestamp":3276788.853,"frameSwapWallTime":1770218945641.735}
{"type":"console","messageType":"log","text":"[Fast Refresh] rebuilding","args":[{"preview":"[Fast Refresh] rebuilding","value":"[Fast Refresh] rebuilding"}],"location":{"url":"http://localhost:3000/_next/static/chunks/fc97a_next_dist_client_260848._.js","lineNumber":12393,"columnNumber":24},"time":3276807.276,"pageId":"page@757f4f0249d7f8a50573a04e76c657e0"}
{"type":"console","messageType":"log","text":"[Fast Refresh] rebuilding","args":[{"preview":"[Fast Refresh] rebuilding","value":"[Fast Refresh] rebuilding"}],"location":{"url":"http://localhost:3000/_next/static/chunks/fc97a_next_dist_client_260848._.js","lineNumber":12393,"columnNumber":24},"time":3276858.564,"pageId":"page@757f4f0249d7f8a50573a04e76c657e0"}
{"type":"screencast-frame","pageId":"page@757f4f0249d7f8a50573a04e76c657e0","sha1":"page@757f4f0249d7f8a50573a04e76c657e0-1770218945743.jpeg","width":390,"height":844,"timestamp":3276886.818,"frameSwapWallTime":1770218945740.3582}
{"type":"console","messageType":"log","text":"[Fast Refresh] rebuilding","args":[{"preview":"[Fast Refresh] rebuilding","value":"[Fast Refresh] rebuilding"}],"location":{"url":"http://localhost:3000/_next/static/chunks/fc97a_next_dist_client_260848._.js","lineNumber":12393,"columnNumber":24},"time":3277084.554,"pageId":"page@757f4f0249d7f8a50573a04e76c657e0"}
{"type":"console","messageType":"log","text":"[Fast Refresh] rebuilding","args":[{"preview":"[Fast Refresh] rebuilding","value":"[Fast Refresh] rebuilding"}],"location":{"url":"http://localhost:3000/_next/static/chunks/fc97a_next_dist_client_260848._.js","lineNumber":12393,"columnNumber":24},"time":3277160.364,"pageId":"page@757f4f0249d7f8a50573a04e76c657e0"}
{"type":"console","messageType":"log","text":"[Fast Refresh] rebuilding","args":[{"preview":"[Fast Refresh] rebuilding","value":"[Fast Refresh] rebuilding"}],"location":{"url":"http://localhost:3000/_next/static/chunks/fc97a_next_dist_client_260848._.js","lineNumber":12393,"columnNumber":24},"time":3277189.412,"pageId":"page@757f4f0249d7f8a50573a04e76c657e0"}
{"type":"console","messageType":"log","text":"[Fast Refresh] rebuilding","args":[{"preview":"[Fast Refresh] rebuilding","value":"[Fast Refresh] rebuilding"}],"location":{"url":"http://localhost:3000/_next/static/chunks/fc97a_next_dist_client_260848._.js","lineNumber":12393,"columnNumber":24},"time":3277220.391,"pageId":"page@757f4f0249d7f8a50573a04e76c657e0"}
{"type":"console","messageType":"log","text":"[Fast Refresh] rebuilding","args":[{"preview":"[Fast Refresh] rebuilding","value":"[Fast Refresh] rebuilding"}],"location":{"url":"http://localhost:3000/_next/static/chunks/fc97a_next_dist_client_260848._.js","lineNumber":12393,"columnNumber":24},"time":3277300.245,"pageId":"page@757f4f0249d7f8a50573a04e76c657e0"}
{"type":"console","messageType":"log","text":"[Fast Refresh] rebuilding","args":[{"preview":"[Fast Refresh] rebuilding","value":"[Fast Refresh] rebuilding"}],"location":{"url":"http://localhost:3000/_next/static/chunks/fc97a_next_dist_client_260848._.js","lineNumber":12393,"columnNumber":24},"time":3277357.214,"pageId":"page@757f4f0249d7f8a50573a04e76c657e0"}
{"type":"screencast-frame","pageId":"page@757f4f0249d7f8a50573a04e76c657e0","sha1":"page@757f4f0249d7f8a50573a04e76c657e0-1770218948725.jpeg","width":390,"height":844,"timestamp":3279869.499,"frameSwapWallTime":1770218948722.122}
{"type":"screencast-frame","pageId":"page@757f4f0249d7f8a50573a04e76c657e0","sha1":"page@757f4f0249d7f8a50573a04e76c657e0-1770218948772.jpeg","width":390,"height":844,"timestamp":3279915.524,"frameSwapWallTime":1770218948769.058}
{"type":"screencast-frame","pageId":"page@757f4f0249d7f8a50573a04e76c657e0","sha1":"page@757f4f0249d7f8a50573a04e76c657e0-1770218948845.jpeg","width":390,"height":844,"timestamp":3279989.397,"frameSwapWallTime":1770218948842.576}
{"type":"console","messageType":"log","text":"[Fast Refresh] rebuilding","args":[{"preview":"[Fast Refresh] rebuilding","value":"[Fast Refresh] rebuilding"}],"location":{"url":"http://localhost:3000/_next/static/chunks/fc97a_next_dist_client_260848._.js","lineNumber":12393,"columnNumber":24},"time":3279994.676,"pageId":"page@757f4f0249d7f8a50573a04e76c657e0"}
{"type":"screencast-frame","pageId":"page@757f4f0249d7f8a50573a04e76c657e0","sha1":"page@757f4f0249d7f8a50573a04e76c657e0-1770218948933.jpeg","width":390,"height":844,"timestamp":3280076.801,"frameSwapWallTime":1770218948925.4019}
{"type":"console","messageType":"log","text":"[Fast Refresh] rebuilding","args":[{"preview":"[Fast Refresh] rebuilding","value":"[Fast Refresh] rebuilding"}],"location":{"url":"http://localhost:3000/_next/static/chunks/fc97a_next_dist_client_260848._.js","lineNumber":12393,"columnNumber":24},"time":3280097.676,"pageId":"page@757f4f0249d7f8a50573a04e76c657e0"}
{"type":"screencast-frame","pageId":"page@757f4f0249d7f8a50573a04e76c657e0","sha1":"page@757f4f0249d7f8a50573a04e76c657e0-1770218949050.jpeg","width":390,"height":844,"timestamp":3280193.637,"frameSwapWallTime":1770218949043.75}
{"type":"screencast-frame","pageId":"page@757f4f0249d7f8a50573a04e76c657e0","sha1":"page@757f4f0249d7f8a50573a04e76c657e0-1770218949293.jpeg","width":390,"height":844,"timestamp":3280436.651,"frameSwapWallTime":1770218949285.5142}
{"type":"console","messageType":"log","text":"[Fast Refresh] rebuilding","args":[{"preview":"[Fast Refresh] rebuilding","value":"[Fast Refresh] rebuilding"}],"location":{"url":"http://localhost:3000/_next/static/chunks/fc97a_next_dist_client_260848._.js","lineNumber":12393,"columnNumber":24},"time":3280839.056,"pageId":"page@757f4f0249d7f8a50573a04e76c657e0"}
{"type":"console","messageType":"log","text":"[Fast Refresh] rebuilding","args":[{"preview":"[Fast Refresh] rebuilding","value":"[Fast Refresh] rebuilding"}],"location":{"url":"http://localhost:3000/_next/static/chunks/fc97a_next_dist_client_260848._.js","lineNumber":12393,"columnNumber":24},"time":3280910.03,"pageId":"page@757f4f0249d7f8a50573a04e76c657e0"}
{"type":"console","messageType":"log","text":"[Fast Refresh] rebuilding","args":[{"preview":"[Fast Refresh] rebuilding","value":"[Fast Refresh] rebuilding"}],"location":{"url":"http://localhost:3000/_next/static/chunks/fc97a_next_dist_client_260848._.js","lineNumber":12393,"columnNumber":24},"time":3281052.58,"pageId":"page@757f4f0249d7f8a50573a04e76c657e0"}
{"type":"console","messageType":"log","text":"[Fast Refresh] rebuilding","args":[{"preview":"[Fast Refresh] rebuilding","value":"[Fast Refresh] rebuilding"}],"location":{"url":"http://localhost:3000/_next/static/chunks/fc97a_next_dist_client_260848._.js","lineNumber":12393,"columnNumber":24},"time":3281407.592,"pageId":"page@757f4f0249d7f8a50573a04e76c657e0"}
{"type":"console","messageType":"log","text":"[Fast Refresh] rebuilding","args":[{"preview":"[Fast Refresh] rebuilding","value":"[Fast Refresh] rebuilding"}],"location":{"url":"http://localhost:3000/_next/static/chunks/fc97a_next_dist_client_260848._.js","lineNumber":12393,"columnNumber":24},"time":3281514.853,"pageId":"page@757f4f0249d7f8a50573a04e76c657e0"}
{"type":"screencast-frame","pageId":"page@757f4f0249d7f8a50573a04e76c657e0","sha1":"page@757f4f0249d7f8a50573a04e76c657e0-1770218951723.jpeg","width":390,"height":844,"timestamp":3282866.837,"frameSwapWallTime":1770218951721.0269}
{"type":"screencast-frame","pageId":"page@757f4f0249d7f8a50573a04e76c657e0","sha1":"page@757f4f0249d7f8a50573a04e76c657e0-1770218951762.jpeg","width":390,"height":844,"timestamp":3282905.936,"frameSwapWallTime":1770218951760.063}
{"type":"screencast-frame","pageId":"page@757f4f0249d7f8a50573a04e76c657e0","sha1":"page@757f4f0249d7f8a50573a04e76c657e0-1770218951810.jpeg","width":390,"height":844,"timestamp":3282954.303,"frameSwapWallTime":1770218951808.39}
{"type":"screencast-frame","pageId":"page@757f4f0249d7f8a50573a04e76c657e0","sha1":"page@757f4f0249d7f8a50573a04e76c657e0-1770218951907.jpeg","width":390,"height":844,"timestamp":3283051.139,"frameSwapWallTime":1770218951905.141}
{"type":"screencast-frame","pageId":"page@757f4f0249d7f8a50573a04e76c657e0","sha1":"page@757f4f0249d7f8a50573a04e76c657e0-1770218952095.jpeg","width":390,"height":844,"timestamp":3283238.586,"frameSwapWallTime":1770218952087.3362}
{"type":"screencast-frame","pageId":"page@757f4f0249d7f8a50573a04e76c657e0","sha1":"page@757f4f0249d7f8a50573a04e76c657e0-1770218954788.jpeg","width":390,"height":844,"timestamp":3285932.426,"frameSwapWallTime":1770218954784.335}
{"type":"screencast-frame","pageId":"page@757f4f0249d7f8a50573a04e76c657e0","sha1":"page@757f4f0249d7f8a50573a04e76c657e0-1770218954853.jpeg","width":390,"height":844,"timestamp":3285997.473,"frameSwapWallTime":1770218954851.759}
{"type":"screencast-frame","pageId":"page@757f4f0249d7f8a50573a04e76c657e0","sha1":"page@757f4f0249d7f8a50573a04e76c657e0-1770218954904.jpeg","width":390,"height":844,"timestamp":3286047.566,"frameSwapWallTime":1770218954901.774}
{"type":"screencast-frame","pageId":"page@757f4f0249d7f8a50573a04e76c657e0","sha1":"page@757f4f0249d7f8a50573a04e76c657e0-1770218954976.jpeg","width":390,"height":844,"timestamp":3286120.116,"frameSwapWallTime":1770218954974.28}
{"type":"screencast-frame","pageId":"page@757f4f0249d7f8a50573a04e76c657e0","sha1":"page@757f4f0249d7f8a50573a04e76c657e0-1770218955092.jpeg","width":390,"height":844,"timestamp":3286236.311,"frameSwapWallTime":1770218955090.506}
{"type":"screencast-frame","pageId":"page@757f4f0249d7f8a50573a04e76c657e0","sha1":"page@757f4f0249d7f8a50573a04e76c657e0-1770218957712.jpeg","width":390,"height":844,"timestamp":3288856.36,"frameSwapWallTime":1770218957710.423}
{"type":"screencast-frame","pageId":"page@757f4f0249d7f8a50573a04e76c657e0","sha1":"page@757f4f0249d7f8a50573a04e76c657e0-1770218957761.jpeg","width":390,"height":844,"timestamp":3288904.882,"frameSwapWallTime":1770218957759.2449}
{"type":"screencast-frame","pageId":"page@757f4f0249d7f8a50573a04e76c657e0","sha1":"page@757f4f0249d7f8a50573a04e76c657e0-1770218957806.jpeg","width":390,"height":844,"timestamp":3288950.293,"frameSwapWallTime":1770218957804.782}
{"type":"screencast-frame","pageId":"page@757f4f0249d7f8a50573a04e76c657e0","sha1":"page@757f4f0249d7f8a50573a04e76c657e0-1770218957916.jpeg","width":390,"height":844,"timestamp":3289060.185,"frameSwapWallTime":1770218957914.244}
{"type":"screencast-frame","pageId":"page@757f4f0249d7f8a50573a04e76c657e0","sha1":"page@757f4f0249d7f8a50573a04e76c657e0-1770218958117.jpeg","width":390,"height":844,"timestamp":3289260.841,"frameSwapWallTime":1770218958115.1072}
{"type":"screencast-frame","pageId":"page@757f4f0249d7f8a50573a04e76c657e0","sha1":"page@757f4f0249d7f8a50573a04e76c657e0-1770218960721.jpeg","width":390,"height":844,"timestamp":3291864.652,"frameSwapWallTime":1770218960718.048}
{"type":"screencast-frame","pageId":"page@757f4f0249d7f8a50573a04e76c657e0","sha1":"page@757f4f0249d7f8a50573a04e76c657e0-1770218960765.jpeg","width":390,"height":844,"timestamp":3291909.201,"frameSwapWallTime":1770218960763.3928}
{"type":"screencast-frame","pageId":"page@757f4f0249d7f8a50573a04e76c657e0","sha1":"page@757f4f0249d7f8a50573a04e76c657e0-1770218960825.jpeg","width":390,"height":844,"timestamp":3291968.556,"frameSwapWallTime":1770218960822.9329}
{"type":"screencast-frame","pageId":"page@757f4f0249d7f8a50573a04e76c657e0","sha1":"page@757f4f0249d7f8a50573a04e76c657e0-1770218960932.jpeg","width":390,"height":844,"timestamp":3292076.326,"frameSwapWallTime":1770218960929.831}
{"type":"screencast-frame","pageId":"page@757f4f0249d7f8a50573a04e76c657e0","sha1":"page@757f4f0249d7f8a50573a04e76c657e0-1770218961186.jpeg","width":390,"height":844,"timestamp":3292330.436,"frameSwapWallTime":1770218961184.754}
{"type":"screencast-frame","pageId":"page@757f4f0249d7f8a50573a04e76c657e0","sha1":"page@757f4f0249d7f8a50573a04e76c657e0-1770218963721.jpeg","width":390,"height":844,"timestamp":3294864.696,"frameSwapWallTime":1770218963718.724}
{"type":"screencast-frame","pageId":"page@757f4f0249d7f8a50573a04e76c657e0","sha1":"page@757f4f0249d7f8a50573a04e76c657e0-1770218963761.jpeg","width":390,"height":844,"timestamp":3294905.211,"frameSwapWallTime":1770218963759.4}
{"type":"screencast-frame","pageId":"page@757f4f0249d7f8a50573a04e76c657e0","sha1":"page@757f4f0249d7f8a50573a04e76c657e0-1770218963810.jpeg","width":390,"height":844,"timestamp":3294953.42,"frameSwapWallTime":1770218963807.951}
{"type":"screencast-frame","pageId":"page@757f4f0249d7f8a50573a04e76c657e0","sha1":"page@757f4f0249d7f8a50573a04e76c657e0-1770218963974.jpeg","width":390,"height":844,"timestamp":3295117.74,"frameSwapWallTime":1770218963972.122}
{"type":"screencast-frame","pageId":"page@757f4f0249d7f8a50573a04e76c657e0","sha1":"page@757f4f0249d7f8a50573a04e76c657e0-1770218964124.jpeg","width":390,"height":844,"timestamp":3295267.474,"frameSwapWallTime":1770218964121.912}
{"type":"screencast-frame","pageId":"page@757f4f0249d7f8a50573a04e76c657e0","sha1":"page@757f4f0249d7f8a50573a04e76c657e0-1770218966720.jpeg","width":390,"height":844,"timestamp":3297864.281,"frameSwapWallTime":1770218966717.875}
{"type":"screencast-frame","pageId":"page@757f4f0249d7f8a50573a04e76c657e0","sha1":"page@757f4f0249d7f8a50573a04e76c657e0-1770218966761.jpeg","width":390,"height":844,"timestamp":3297904.973,"frameSwapWallTime":1770218966759.055}
{"type":"screencast-frame","pageId":"page@757f4f0249d7f8a50573a04e76c657e0","sha1":"page@757f4f0249d7f8a50573a04e76c657e0-1770218966811.jpeg","width":390,"height":844,"timestamp":3297955.39,"frameSwapWallTime":1770218966809.5989}
{"type":"screencast-frame","pageId":"page@757f4f0249d7f8a50573a04e76c657e0","sha1":"page@757f4f0249d7f8a50573a04e76c657e0-1770218966859.jpeg","width":390,"height":844,"timestamp":3298002.76,"frameSwapWallTime":1770218966857.2158}
{"type":"screencast-frame","pageId":"page@757f4f0249d7f8a50573a04e76c657e0","sha1":"page@757f4f0249d7f8a50573a04e76c657e0-1770218966958.jpeg","width":390,"height":844,"timestamp":3298101.815,"frameSwapWallTime":1770218966956.2732}
{"type":"screencast-frame","pageId":"page@757f4f0249d7f8a50573a04e76c657e0","sha1":"page@757f4f0249d7f8a50573a04e76c657e0-1770218967153.jpeg","width":390,"height":844,"timestamp":3298296.976,"frameSwapWallTime":1770218967151.114}
{"type":"screencast-frame","pageId":"page@757f4f0249d7f8a50573a04e76c657e0","sha1":"page@757f4f0249d7f8a50573a04e76c657e0-1770218969759.jpeg","width":390,"height":844,"timestamp":3300902.734,"frameSwapWallTime":1770218969755.808}
{"type":"screencast-frame","pageId":"page@757f4f0249d7f8a50573a04e76c657e0","sha1":"page@757f4f0249d7f8a50573a04e76c657e0-1770218969854.jpeg","width":390,"height":844,"timestamp":3300998.207,"frameSwapWallTime":1770218969852.4739}
{"type":"screencast-frame","pageId":"page@757f4f0249d7f8a50573a04e76c657e0","sha1":"page@757f4f0249d7f8a50573a04e76c657e0-1770218969902.jpeg","width":390,"height":844,"timestamp":3301046.232,"frameSwapWallTime":1770218969898.59}
{"type":"screencast-frame","pageId":"page@757f4f0249d7f8a50573a04e76c657e0","sha1":"page@757f4f0249d7f8a50573a04e76c657e0-1770218969975.jpeg","width":390,"height":844,"timestamp":3301118.403,"frameSwapWallTime":1770218969968.503}
{"type":"screencast-frame","pageId":"page@757f4f0249d7f8a50573a04e76c657e0","sha1":"page@757f4f0249d7f8a50573a04e76c657e0-1770218972715.jpeg","width":390,"height":844,"timestamp":3303858.389,"frameSwapWallTime":1770218972712.255}
{"type":"screencast-frame","pageId":"page@757f4f0249d7f8a50573a04e76c657e0","sha1":"page@757f4f0249d7f8a50573a04e76c657e0-1770218972755.jpeg","width":390,"height":844,"timestamp":3303899.095,"frameSwapWallTime":1770218972753.408}
{"type":"screencast-frame","pageId":"page@757f4f0249d7f8a50573a04e76c657e0","sha1":"page@757f4f0249d7f8a50573a04e76c657e0-1770218972802.jpeg","width":390,"height":844,"timestamp":3303945.815,"frameSwapWallTime":1770218972799.3481}
{"type":"screencast-frame","pageId":"page@757f4f0249d7f8a50573a04e76c657e0","sha1":"page@757f4f0249d7f8a50573a04e76c657e0-1770218972848.jpeg","width":390,"height":844,"timestamp":3303991.965,"frameSwapWallTime":1770218972846.531}
{"type":"screencast-frame","pageId":"page@757f4f0249d7f8a50573a04e76c657e0","sha1":"page@757f4f0249d7f8a50573a04e76c657e0-1770218972999.jpeg","width":390,"height":844,"timestamp":3304142.663,"frameSwapWallTime":1770218972996.309}
{"type":"console","messageType":"log","text":"[Fast Refresh] rebuilding","args":[{"preview":"[Fast Refresh] rebuilding","value":"[Fast Refresh] rebuilding"}],"location":{"url":"http://localhost:3000/_next/static/chunks/fc97a_next_dist_client_260848._.js","lineNumber":12393,"columnNumber":24},"time":3305887.13,"pageId":"page@757f4f0249d7f8a50573a04e76c657e0"}
{"type":"console","messageType":"warning","text":"[Fast Refresh] performing full reload\n\nFast Refresh will perform a full reload when you edit a file that's imported by modules outside of the React rendering tree.\nYou might have a file which exports a React component but also exports a value that is imported by a non-React component file.\nConsider migrating the non-React component export to a separate file and importing it into both files.\n\nIt is also possible the parent component of the component you edited is a class component, which disables Fast Refresh.\nFast Refresh requires at least one parent function component in your React tree.","args":[{"preview":"[Fast Refresh] performing full reload\n\nFast Refresh will perform a full reload when you edit a file that's imported by modules outside of the React rendering tree.\nYou might have a file which exports a React component but also exports a value that is imported by a non-React component file.\nConsider migrating the non-React component export to a separate file and importing it into both files.\n\nIt is also possible the parent component of the component you edited is a class component, which disables Fast Refresh.\nFast Refresh requires at least one parent function component in your React tree.","value":"[Fast Refresh] performing full reload\n\nFast Refresh will perform a full reload when you edit a file that's imported by modules outside of the React rendering tree.\nYou might have a file which exports a React component but also exports a value that is imported by a non-React component file.\nConsider migrating the non-React component export to a separate file and importing it into both files.\n\nIt is also possible the parent component of the component you edited is a class component, which disables Fast Refresh.\nFast Refresh requires at least one parent function component in your React tree."}],"location":{"url":"http://localhost:3000/_next/static/chunks/%5Bturbopack%5D_dev_client_dcbd7d._.js","lineNumber":112,"columnNumber":28},"time":3306044.376,"pageId":"page@757f4f0249d7f8a50573a04e76c657e0"}
{"type":"console","messageType":"log","text":"[Fast Refresh] done in 159ms","args":[{"preview":"[Fast Refresh] done in 159ms","value":"[Fast Refresh] done in 159ms"}],"location":{"url":"http://localhost:3000/_next/static/chunks/fc97a_next_dist_client_260848._.js","lineNumber":12248,"columnNumber":12},"time":3306111.062,"pageId":"page@757f4f0249d7f8a50573a04e76c657e0"}
{"type":"console","messageType":"warning","text":"[Fast Refresh] performing full reload\n\nFast Refresh will perform a full reload when you edit a file that's imported by modules outside of the React rendering tree.\nYou might have a file which exports a React component but also exports a value that is imported by a non-React component file.\nConsider migrating the non-React component export to a separate file and importing it into both files.\n\nIt is also possible the parent component of the component you edited is a class component, which disables Fast Refresh.\nFast Refresh requires at least one parent function component in your React tree.","args":[{"preview":"[Fast Refresh] performing full reload\n\nFast Refresh will perform a full reload when you edit a file that's imported by modules outside of the React rendering tree.\nYou might have a file which exports a React component but also exports a value that is imported by a non-React component file.\nConsider migrating the non-React component export to a separate file and importing it into both files.\n\nIt is also possible the parent component of the component you edited is a class component, which disables Fast Refresh.\nFast Refresh requires at least one parent function component in your React tree.","value":"[Fast Refresh] performing full reload\n\nFast Refresh will perform a full reload when you edit a file that's imported by modules outside of the React rendering tree.\nYou might have a file which exports a React component but also exports a value that is imported by a non-React component file.\nConsider migrating the non-React component export to a separate file and importing it into both files.\n\nIt is also possible the parent component of the component you edited is a class component, which disables Fast Refresh.\nFast Refresh requires at least one parent function component in your React tree."}],"location":{"url":"http://localhost:3000/_next/static/chunks/%5Bturbopack%5D_dev_client_dcbd7d._.js","lineNumber":112,"columnNumber":28},"time":3306610.733,"pageId":"page@757f4f0249d7f8a50573a04e76c657e0"}
{"type":"console","messageType":"log","text":"[Fast Refresh] done in 729ms","args":[{"preview":"[Fast Refresh] done in 729ms","value":"[Fast Refresh] done in 729ms"}],"location":{"url":"http://localhost:3000/_next/static/chunks/fc97a_next_dist_client_260848._.js","lineNumber":12248,"columnNumber":12},"time":3306643.092,"pageId":"page@757f4f0249d7f8a50573a04e76c657e0"}
{"type":"screencast-frame","pageId":"page@757f4f0249d7f8a50573a04e76c657e0","sha1":"page@757f4f0249d7f8a50573a04e76c657e0-1770218975713.jpeg","width":390,"height":844,"timestamp":3306856.76,"frameSwapWallTime":1770218975709.993}
{"type":"screencast-frame","pageId":"page@757f4f0249d7f8a50573a04e76c657e0","sha1":"page@757f4f0249d7f8a50573a04e76c657e0-1770218975765.jpeg","width":390,"height":844,"timestamp":3306908.798,"frameSwapWallTime":1770218975762.5981}
{"type":"screencast-frame","pageId":"page@757f4f0249d7f8a50573a04e76c657e0","sha1":"page@757f4f0249d7f8a50573a04e76c657e0-1770218975823.jpeg","width":390,"height":844,"timestamp":3306966.832,"frameSwapWallTime":1770218975820.512}
{"type":"screencast-frame","pageId":"page@757f4f0249d7f8a50573a04e76c657e0","sha1":"page@757f4f0249d7f8a50573a04e76c657e0-1770218975889.jpeg","width":390,"height":844,"timestamp":3307032.749,"frameSwapWallTime":1770218975885.625}
{"type":"console","messageType":"log","text":"[Fast Refresh] rebuilding","args":[{"preview":"[Fast Refresh] rebuilding","value":"[Fast Refresh] rebuilding"}],"location":{"url":"http://localhost:3000/_next/static/chunks/fc97a_next_dist_client_260848._.js","lineNumber":12393,"columnNumber":24},"time":3307057.413,"pageId":"page@757f4f0249d7f8a50573a04e76c657e0"}
{"type":"screencast-frame","pageId":"page@757f4f0249d7f8a50573a04e76c657e0","sha1":"page@757f4f0249d7f8a50573a04e76c657e0-1770218976023.jpeg","width":390,"height":844,"timestamp":3307166.921,"frameSwapWallTime":1770218976019.5278}
{"type":"screencast-frame","pageId":"page@757f4f0249d7f8a50573a04e76c657e0","sha1":"page@757f4f0249d7f8a50573a04e76c657e0-1770218976263.jpeg","width":390,"height":844,"timestamp":3307406.693,"frameSwapWallTime":1770218976259.797}
{"type":"console","messageType":"log","text":"[Fast Refresh] rebuilding","args":[{"preview":"[Fast Refresh] rebuilding","value":"[Fast Refresh] rebuilding"}],"location":{"url":"http://localhost:3000/_next/static/chunks/fc97a_next_dist_client_260848._.js","lineNumber":12393,"columnNumber":24},"time":3307548.735,"pageId":"page@757f4f0249d7f8a50573a04e76c657e0"}
{"type":"console","messageType":"error","text":"Failed to fetch RSC payload for http://localhost:3000/. Falling back to browser navigation. TypeError: Failed to fetch\n    at fetchServerResponse (http://localhost:3000/_next/static/chunks/fc97a_next_dist_client_260848._.js:365:27)\n    at fastRefreshReducerImpl (http://localhost:3000/_next/static/chunks/fc97a_next_dist_client_260848._.js:3123:67)\n    at clientReducer (http://localhost:3000/_next/static/chunks/fc97a_next_dist_client_260848._.js:3480:67)\n    at Object.action (http://localhost:3000/_next/static/chunks/fc97a_next_dist_7138d7._.js:592:55)\n    at runAction (http://localhost:3000/_next/static/chunks/fc97a_next_dist_7138d7._.js:498:38)\n    at runRemainingActions (http://localhost:3000/_next/static/chunks/fc97a_next_dist_7138d7._.js:472:13)\n    at handleResult (http://localhost:3000/_next/static/chunks/fc97a_next_dist_7138d7._.js:508:9)","args":[{"preview":"Failed to fetch RSC payload for http://localhost:3000/. Falling back to browser navigation.","value":"Failed to fetch RSC payload for http://localhost:3000/. Falling back to browser navigation."},{"preview":"TypeError: Failed to fetch\n    at fetchServerResponse (http://localhost:3000/_next/static/chunks/fc97a_next_dist_client_260848._.js:365:27)\n    at fastRefreshReducerImpl (http://localhost:3000/_next/static/chunks/fc97a_next_dist_client_260848._.js:3123:67)\n    at clientReducer (http://localhost:3000/_next/static/chunks/fc97a_next_dist_client_260848._.js:3480:67)\n    at Object.action (http://localhost:3000/_next/static/chunks/fc97a_next_dist_7138d7._.js:592:55)\n    at runAction (http://localhost:3000/_next/static/chunks/fc97a_next_dist_7138d7._.js:498:38)\n    at runRemainingActions (http://localhost:3000/_next/static/chunks/fc97a_next_dist_7138d7._.js:472:13)\n    at handleResult (http://localhost:3000/_next/static/chunks/fc97a_next_dist_7138d7._.js:508:9)"}],"location":{"url":"http://localhost:3000/_next/static/chunks/fc97a_next_dist_client_260848._.js","lineNumber":13389,"columnNumber":21},"time":3308142.648,"pageId":"page@757f4f0249d7f8a50573a04e76c657e0"}
{"type":"screencast-frame","pageId":"page@757f4f0249d7f8a50573a04e76c657e0","sha1":"page@757f4f0249d7f8a50573a04e76c657e0-1770218977261.jpeg","width":390,"height":844,"timestamp":3308404.975,"frameSwapWallTime":1770218977258.494}
{"type":"screencast-frame","pageId":"page@757f4f0249d7f8a50573a04e76c657e0","sha1":"page@757f4f0249d7f8a50573a04e76c657e0-1770218977366.jpeg","width":390,"height":844,"timestamp":3308510.147,"frameSwapWallTime":1770218977358.182}
{"type":"console","messageType":"info","text":"%cDownload the React DevTools for a better development experience: https://reactjs.org/link/react-devtools font-weight:bold","args":[{"preview":"%cDownload the React DevTools for a better development experience: https://reactjs.org/link/react-devtools","value":"%cDownload the React DevTools for a better development experience: https://reactjs.org/link/react-devtools"},{"preview":"font-weight:bold","value":"font-weight:bold"}],"location":{"url":"http://localhost:3000/_next/static/chunks/fc97a_next_dist_compiled_react-dom_cjs_react-dom_development_16a7b4.js","lineNumber":32458,"columnNumber":32},"time":3308659.099,"pageId":"page@757f4f0249d7f8a50573a04e76c657e0"}
{"type":"screencast-frame","pageId":"page@757f4f0249d7f8a50573a04e76c657e0","sha1":"page@757f4f0249d7f8a50573a04e76c657e0-1770218978121.jpeg","width":390,"height":844,"timestamp":3309265.239,"frameSwapWallTime":1770218978116.885}
{"type":"screencast-frame","pageId":"page@757f4f0249d7f8a50573a04e76c657e0","sha1":"page@757f4f0249d7f8a50573a04e76c657e0-1770218978192.jpeg","width":390,"height":844,"timestamp":3309335.965,"frameSwapWallTime":1770218978189.343}
{"type":"console","messageType":"log","text":"[Fast Refresh] rebuilding","args":[{"preview":"[Fast Refresh] rebuilding","value":"[Fast Refresh] rebuilding"}],"location":{"url":"http://localhost:3000/_next/static/chunks/fc97a_next_dist_client_260848._.js","lineNumber":12393,"columnNumber":24},"time":3309352.988,"pageId":"page@757f4f0249d7f8a50573a04e76c657e0"}
{"type":"console","messageType":"log","text":"[Fast Refresh] rebuilding","args":[{"preview":"[Fast Refresh] rebuilding","value":"[Fast Refresh] rebuilding"}],"location":{"url":"http://localhost:3000/_next/static/chunks/fc97a_next_dist_client_260848._.js","lineNumber":12393,"columnNumber":24},"time":3309422.812,"pageId":"page@757f4f0249d7f8a50573a04e76c657e0"}
{"type":"console","messageType":"log","text":"[Fast Refresh] rebuilding","args":[{"preview":"[Fast Refresh] rebuilding","value":"[Fast Refresh] rebuilding"}],"location":{"url":"http://localhost:3000/_next/static/chunks/fc97a_next_dist_client_260848._.js","lineNumber":12393,"columnNumber":24},"time":3309461.205,"pageId":"page@757f4f0249d7f8a50573a04e76c657e0"}
{"type":"console","messageType":"log","text":"[Fast Refresh] rebuilding","args":[{"preview":"[Fast Refresh] rebuilding","value":"[Fast Refresh] rebuilding"}],"location":{"url":"http://localhost:3000/_next/static/chunks/fc97a_next_dist_client_260848._.js","lineNumber":12393,"columnNumber":24},"time":3309510.05,"pageId":"page@757f4f0249d7f8a50573a04e76c657e0"}
{"type":"console","messageType":"log","text":"[Fast Refresh] rebuilding","args":[{"preview":"[Fast Refresh] rebuilding","value":"[Fast Refresh] rebuilding"}],"location":{"url":"http://localhost:3000/_next/static/chunks/fc97a_next_dist_client_260848._.js","lineNumber":12393,"columnNumber":24},"time":3309667.654,"pageId":"page@757f4f0249d7f8a50573a04e76c657e0"}
{"type":"console","messageType":"log","text":"[Fast Refresh] rebuilding","args":[{"preview":"[Fast Refresh] rebuilding","value":"[Fast Refresh] rebuilding"}],"location":{"url":"http://localhost:3000/_next/static/chunks/fc97a_next_dist_client_260848._.js","lineNumber":12393,"columnNumber":24},"time":3309742.712,"pageId":"page@757f4f0249d7f8a50573a04e76c657e0"}
{"type":"console","messageType":"log","text":"[Fast Refresh] rebuilding","args":[{"preview":"[Fast Refresh] rebuilding","value":"[Fast Refresh] rebuilding"}],"location":{"url":"http://localhost:3000/_next/static/chunks/fc97a_next_dist_client_260848._.js","lineNumber":12393,"columnNumber":24},"time":3309841.509,"pageId":"page@757f4f0249d7f8a50573a04e76c657e0"}
{"type":"console","messageType":"log","text":"[Fast Refresh] rebuilding","args":[{"preview":"[Fast Refresh] rebuilding","value":"[Fast Refresh] rebuilding"}],"location":{"url":"http://localhost:3000/_next/static/chunks/fc97a_next_dist_client_260848._.js","lineNumber":12393,"columnNumber":24},"time":3310003.838,"pageId":"page@757f4f0249d7f8a50573a04e76c657e0"}
{"type":"console","messageType":"log","text":"[Fast Refresh] rebuilding","args":[{"preview":"[Fast Refresh] rebuilding","value":"[Fast Refresh] rebuilding"}],"location":{"url":"http://localhost:3000/_next/static/chunks/fc97a_next_dist_client_260848._.js","lineNumber":12393,"columnNumber":24},"time":3310048.509,"pageId":"page@757f4f0249d7f8a50573a04e76c657e0"}
{"type":"console","messageType":"log","text":"[Fast Refresh] rebuilding","args":[{"preview":"[Fast Refresh] rebuilding","value":"[Fast Refresh] rebuilding"}],"location":{"url":"http://localhost:3000/_next/static/chunks/fc97a_next_dist_client_260848._.js","lineNumber":12393,"columnNumber":24},"time":3310110.062,"pageId":"page@757f4f0249d7f8a50573a04e76c657e0"}
{"type":"console","messageType":"log","text":"[Fast Refresh] rebuilding","args":[{"preview":"[Fast Refresh] rebuilding","value":"[Fast Refresh] rebuilding"}],"location":{"url":"http://localhost:3000/_next/static/chunks/fc97a_next_dist_client_260848._.js","lineNumber":12393,"columnNumber":24},"time":3310153.923,"pageId":"page@757f4f0249d7f8a50573a04e76c657e0"}
{"type":"screencast-frame","pageId":"page@757f4f0249d7f8a50573a04e76c657e0","sha1":"page@757f4f0249d7f8a50573a04e76c657e0-1770218981162.jpeg","width":390,"height":844,"timestamp":3312306.013,"frameSwapWallTime":1770218981159.301}
{"type":"screencast-frame","pageId":"page@757f4f0249d7f8a50573a04e76c657e0","sha1":"page@757f4f0249d7f8a50573a04e76c657e0-1770218981200.jpeg","width":390,"height":844,"timestamp":3312343.855,"frameSwapWallTime":1770218981198.2961}
{"type":"screencast-frame","pageId":"page@757f4f0249d7f8a50573a04e76c657e0","sha1":"page@757f4f0249d7f8a50573a04e76c657e0-1770218981247.jpeg","width":390,"height":844,"timestamp":3312390.686,"frameSwapWallTime":1770218981245.157}
{"type":"screencast-frame","pageId":"page@757f4f0249d7f8a50573a04e76c657e0","sha1":"page@757f4f0249d7f8a50573a04e76c657e0-1770218981293.jpeg","width":390,"height":844,"timestamp":3312437.257,"frameSwapWallTime":1770218981291.709}
{"type":"screencast-frame","pageId":"page@757f4f0249d7f8a50573a04e76c657e0","sha1":"page@757f4f0249d7f8a50573a04e76c657e0-1770218981431.jpeg","width":390,"height":844,"timestamp":3312574.45,"frameSwapWallTime":1770218981428.91}
{"type":"screencast-frame","pageId":"page@757f4f0249d7f8a50573a04e76c657e0","sha1":"page@757f4f0249d7f8a50573a04e76c657e0-1770218984170.jpeg","width":390,"height":844,"timestamp":3315313.939,"frameSwapWallTime":1770218984167.96}
{"type":"screencast-frame","pageId":"page@757f4f0249d7f8a50573a04e76c657e0","sha1":"page@757f4f0249d7f8a50573a04e76c657e0-1770218984209.jpeg","width":390,"height":844,"timestamp":3315352.71,"frameSwapWallTime":1770218984207.1519}
{"type":"screencast-frame","pageId":"page@757f4f0249d7f8a50573a04e76c657e0","sha1":"page@757f4f0249d7f8a50573a04e76c657e0-1770218984256.jpeg","width":390,"height":844,"timestamp":3315400.199,"frameSwapWallTime":1770218984254.7969}
{"type":"screencast-frame","pageId":"page@757f4f0249d7f8a50573a04e76c657e0","sha1":"page@757f4f0249d7f8a50573a04e76c657e0-1770218984304.jpeg","width":390,"height":844,"timestamp":3315447.745,"frameSwapWallTime":1770218984302.192}
{"type":"screencast-frame","pageId":"page@757f4f0249d7f8a50573a04e76c657e0","sha1":"page@757f4f0249d7f8a50573a04e76c657e0-1770218984454.jpeg","width":390,"height":844,"timestamp":3315597.475,"frameSwapWallTime":1770218984452.025}
{"type":"screencast-frame","pageId":"page@757f4f0249d7f8a50573a04e76c657e0","sha1":"page@757f4f0249d7f8a50573a04e76c657e0-1770218987152.jpeg","width":390,"height":844,"timestamp":3318295.425,"frameSwapWallTime":1770218987149.585}
{"type":"screencast-frame","pageId":"page@757f4f0249d7f8a50573a04e76c657e0","sha1":"page@757f4f0249d7f8a50573a04e76c657e0-1770218987191.jpeg","width":390,"height":844,"timestamp":3318334.927,"frameSwapWallTime":1770218987189.363}
{"type":"screencast-frame","pageId":"page@757f4f0249d7f8a50573a04e76c657e0","sha1":"page@757f4f0249d7f8a50573a04e76c657e0-1770218987238.jpeg","width":390,"height":844,"timestamp":3318382.224,"frameSwapWallTime":1770218987236.831}
{"type":"screencast-frame","pageId":"page@757f4f0249d7f8a50573a04e76c657e0","sha1":"page@757f4f0249d7f8a50573a04e76c657e0-1770218987288.jpeg","width":390,"height":844,"timestamp":3318431.811,"frameSwapWallTime":1770218987284.205}
{"type":"screencast-frame","pageId":"page@757f4f0249d7f8a50573a04e76c657e0","sha1":"page@757f4f0249d7f8a50573a04e76c657e0-1770218987474.jpeg","width":390,"height":844,"timestamp":3318617.312,"frameSwapWallTime":1770218987470.0671}
{"type":"screencast-frame","pageId":"page@757f4f0249d7f8a50573a04e76c657e0","sha1":"page@757f4f0249d7f8a50573a04e76c657e0-1770218990150.jpeg","width":390,"height":844,"timestamp":3321294.115,"frameSwapWallTime":1770218990148.364}
{"type":"screencast-frame","pageId":"page@757f4f0249d7f8a50573a04e76c657e0","sha1":"page@757f4f0249d7f8a50573a04e76c657e0-1770218990199.jpeg","width":390,"height":844,"timestamp":3321343.231,"frameSwapWallTime":1770218990197.918}
{"type":"screencast-frame","pageId":"page@757f4f0249d7f8a50573a04e76c657e0","sha1":"page@757f4f0249d7f8a50573a04e76c657e0-1770218990249.jpeg","width":390,"height":844,"timestamp":3321392.328,"frameSwapWallTime":1770218990246.939}
{"type":"screencast-frame","pageId":"page@757f4f0249d7f8a50573a04e76c657e0","sha1":"page@757f4f0249d7f8a50573a04e76c657e0-1770218990294.jpeg","width":390,"height":844,"timestamp":3321437.68,"frameSwapWallTime":1770218990292.383}
{"type":"screencast-frame","pageId":"page@757f4f0249d7f8a50573a04e76c657e0","sha1":"page@757f4f0249d7f8a50573a04e76c657e0-1770218990478.jpeg","width":390,"height":844,"timestamp":3321621.628,"frameSwapWallTime":1770218990476.1829}
{"type":"screencast-frame","pageId":"page@757f4f0249d7f8a50573a04e76c657e0","sha1":"page@757f4f0249d7f8a50573a04e76c657e0-1770218993163.jpeg","width":390,"height":844,"timestamp":3324306.265,"frameSwapWallTime":1770218993160.2148}
{"type":"screencast-frame","pageId":"page@757f4f0249d7f8a50573a04e76c657e0","sha1":"page@757f4f0249d7f8a50573a04e76c657e0-1770218993204.jpeg","width":390,"height":844,"timestamp":3324347.275,"frameSwapWallTime":1770218993201.9192}
{"type":"screencast-frame","pageId":"page@757f4f0249d7f8a50573a04e76c657e0","sha1":"page@757f4f0249d7f8a50573a04e76c657e0-1770218993249.jpeg","width":390,"height":844,"timestamp":3324393.136,"frameSwapWallTime":1770218993247.742}
{"type":"screencast-frame","pageId":"page@757f4f0249d7f8a50573a04e76c657e0","sha1":"page@757f4f0249d7f8a50573a04e76c657e0-1770218993296.jpeg","width":390,"height":844,"timestamp":3324440.064,"frameSwapWallTime":1770218993294.6802}
{"type":"screencast-frame","pageId":"page@757f4f0249d7f8a50573a04e76c657e0","sha1":"page@757f4f0249d7f8a50573a04e76c657e0-1770218993480.jpeg","width":390,"height":844,"timestamp":3324623.352,"frameSwapWallTime":1770218993477.823}
{"type":"screencast-frame","pageId":"page@757f4f0249d7f8a50573a04e76c657e0","sha1":"page@757f4f0249d7f8a50573a04e76c657e0-1770218996181.jpeg","width":390,"height":844,"timestamp":3327324.436,"frameSwapWallTime":1770218996178.647}
{"type":"screencast-frame","pageId":"page@757f4f0249d7f8a50573a04e76c657e0","sha1":"page@757f4f0249d7f8a50573a04e76c657e0-1770218996223.jpeg","width":390,"height":844,"timestamp":3327366.553,"frameSwapWallTime":1770218996221.1152}
{"type":"screencast-frame","pageId":"page@757f4f0249d7f8a50573a04e76c657e0","sha1":"page@757f4f0249d7f8a50573a04e76c657e0-1770218996272.jpeg","width":390,"height":844,"timestamp":3327416.087,"frameSwapWallTime":1770218996270.784}
{"type":"screencast-frame","pageId":"page@757f4f0249d7f8a50573a04e76c657e0","sha1":"page@757f4f0249d7f8a50573a04e76c657e0-1770218996321.jpeg","width":390,"height":844,"timestamp":3327465.084,"frameSwapWallTime":1770218996319.646}
{"type":"screencast-frame","pageId":"page@757f4f0249d7f8a50573a04e76c657e0","sha1":"page@757f4f0249d7f8a50573a04e76c657e0-1770218996514.jpeg","width":390,"height":844,"timestamp":3327657.386,"frameSwapWallTime":1770218996511.881}
{"type":"console","messageType":"log","text":"[Fast Refresh] rebuilding","args":[{"preview":"[Fast Refresh] rebuilding","value":"[Fast Refresh] rebuilding"}],"location":{"url":"http://localhost:3000/_next/static/chunks/fc97a_next_dist_client_260848._.js","lineNumber":12393,"columnNumber":24},"time":3329002.281,"pageId":"page@757f4f0249d7f8a50573a04e76c657e0"}
{"type":"console","messageType":"log","text":"[Fast Refresh] rebuilding","args":[{"preview":"[Fast Refresh] rebuilding","value":"[Fast Refresh] rebuilding"}],"location":{"url":"http://localhost:3000/_next/static/chunks/fc97a_next_dist_client_260848._.js","lineNumber":12393,"columnNumber":24},"time":3329063.04,"pageId":"page@757f4f0249d7f8a50573a04e76c657e0"}
{"type":"console","messageType":"log","text":"[Fast Refresh] rebuilding","args":[{"preview":"[Fast Refresh] rebuilding","value":"[Fast Refresh] rebuilding"}],"location":{"url":"http://localhost:3000/_next/static/chunks/fc97a_next_dist_client_260848._.js","lineNumber":12393,"columnNumber":24},"time":3329479.915,"pageId":"page@757f4f0249d7f8a50573a04e76c657e0"}
{"type":"console","messageType":"log","text":"[Fast Refresh] rebuilding","args":[{"preview":"[Fast Refresh] rebuilding","value":"[Fast Refresh] rebuilding"}],"location":{"url":"http://localhost:3000/_next/static/chunks/fc97a_next_dist_client_260848._.js","lineNumber":12393,"columnNumber":24},"time":3329522.372,"pageId":"page@757f4f0249d7f8a50573a04e76c657e0"}
{"type":"console","messageType":"log","text":"[Fast Refresh] rebuilding","args":[{"preview":"[Fast Refresh] rebuilding","value":"[Fast Refresh] rebuilding"}],"location":{"url":"http://localhost:3000/_next/static/chunks/fc97a_next_dist_client_260848._.js","lineNumber":12393,"columnNumber":24},"time":3329570.083,"pageId":"page@757f4f0249d7f8a50573a04e76c657e0"}
{"type":"console","messageType":"log","text":"[Fast Refresh] rebuilding","args":[{"preview":"[Fast Refresh] rebuilding","value":"[Fast Refresh] rebuilding"}],"location":{"url":"http://localhost:3000/_next/static/chunks/fc97a_next_dist_client_260848._.js","lineNumber":12393,"columnNumber":24},"time":3329675.429,"pageId":"page@757f4f0249d7f8a50573a04e76c657e0"}
{"type":"console","messageType":"log","text":"[Fast Refresh] rebuilding","args":[{"preview":"[Fast Refresh] rebuilding","value":"[Fast Refresh] rebuilding"}],"location":{"url":"http://localhost:3000/_next/static/chunks/fc97a_next_dist_client_260848._.js","lineNumber":12393,"columnNumber":24},"time":3329737.275,"pageId":"page@757f4f0249d7f8a50573a04e76c657e0"}
{"type":"screencast-frame","pageId":"page@757f4f0249d7f8a50573a04e76c657e0","sha1":"page@757f4f0249d7f8a50573a04e76c657e0-1770218999163.jpeg","width":390,"height":844,"timestamp":3330306.626,"frameSwapWallTime":1770218999160.437}
{"type":"screencast-frame","pageId":"page@757f4f0249d7f8a50573a04e76c657e0","sha1":"page@757f4f0249d7f8a50573a04e76c657e0-1770218999203.jpeg","width":390,"height":844,"timestamp":3330346.895,"frameSwapWallTime":1770218999201.3718}
{"type":"screencast-frame","pageId":"page@757f4f0249d7f8a50573a04e76c657e0","sha1":"page@757f4f0249d7f8a50573a04e76c657e0-1770218999249.jpeg","width":390,"height":844,"timestamp":3330392.624,"frameSwapWallTime":1770218999247.397}
{"type":"screencast-frame","pageId":"page@757f4f0249d7f8a50573a04e76c657e0","sha1":"page@757f4f0249d7f8a50573a04e76c657e0-1770218999296.jpeg","width":390,"height":844,"timestamp":3330439.555,"frameSwapWallTime":1770218999293.814}
{"type":"screencast-frame","pageId":"page@757f4f0249d7f8a50573a04e76c657e0","sha1":"page@757f4f0249d7f8a50573a04e76c657e0-1770218999491.jpeg","width":390,"height":844,"timestamp":3330634.25,"frameSwapWallTime":1770218999488.531}
{"type":"screencast-frame","pageId":"page@757f4f0249d7f8a50573a04e76c657e0","sha1":"page@757f4f0249d7f8a50573a04e76c657e0-1770219002151.jpeg","width":390,"height":844,"timestamp":3333295.093,"frameSwapWallTime":1770219002149.43}
{"type":"screencast-frame","pageId":"page@757f4f0249d7f8a50573a04e76c657e0","sha1":"page@757f4f0249d7f8a50573a04e76c657e0-1770219002199.jpeg","width":390,"height":844,"timestamp":3333342.29,"frameSwapWallTime":1770219002196.9148}
{"type":"screencast-frame","pageId":"page@757f4f0249d7f8a50573a04e76c657e0","sha1":"page@757f4f0249d7f8a50573a04e76c657e0-1770219002244.jpeg","width":390,"height":844,"timestamp":3333387.622,"frameSwapWallTime":1770219002242.352}
{"type":"screencast-frame","pageId":"page@757f4f0249d7f8a50573a04e76c657e0","sha1":"page@757f4f0249d7f8a50573a04e76c657e0-1770219002337.jpeg","width":390,"height":844,"timestamp":3333480.763,"frameSwapWallTime":1770219002335.458}
{"type":"screencast-frame","pageId":"page@757f4f0249d7f8a50573a04e76c657e0","sha1":"page@757f4f0249d7f8a50573a04e76c657e0-1770219002527.jpeg","width":390,"height":844,"timestamp":3333670.232,"frameSwapWallTime":1770219002524.792}
{"type":"screencast-frame","pageId":"page@757f4f0249d7f8a50573a04e76c657e0","sha1":"page@757f4f0249d7f8a50573a04e76c657e0-1770219005145.jpeg","width":390,"height":844,"timestamp":3336288.804,"frameSwapWallTime":1770219005142.91}
{"type":"screencast-frame","pageId":"page@757f4f0249d7f8a50573a04e76c657e0","sha1":"page@757f4f0249d7f8a50573a04e76c657e0-1770219005199.jpeg","width":390,"height":844,"timestamp":3336342.531,"frameSwapWallTime":1770219005196.728}
{"type":"screencast-frame","pageId":"page@757f4f0249d7f8a50573a04e76c657e0","sha1":"page@757f4f0249d7f8a50573a04e76c657e0-1770219005259.jpeg","width":390,"height":844,"timestamp":3336402.185,"frameSwapWallTime":1770219005256.818}
{"type":"screencast-frame","pageId":"page@757f4f0249d7f8a50573a04e76c657e0","sha1":"page@757f4f0249d7f8a50573a04e76c657e0-1770219005359.jpeg","width":390,"height":844,"timestamp":3336502.609,"frameSwapWallTime":1770219005357.1538}
{"type":"screencast-frame","pageId":"page@757f4f0249d7f8a50573a04e76c657e0","sha1":"page@757f4f0249d7f8a50573a04e76c657e0-1770219005556.jpeg","width":390,"height":844,"timestamp":3336699.275,"frameSwapWallTime":1770219005553.557}
{"type":"screencast-frame","pageId":"page@757f4f0249d7f8a50573a04e76c657e0","sha1":"page@757f4f0249d7f8a50573a04e76c657e0-1770219008166.jpeg","width":390,"height":844,"timestamp":3339309.53,"frameSwapWallTime":1770219008163.372}
{"type":"screencast-frame","pageId":"page@757f4f0249d7f8a50573a04e76c657e0","sha1":"page@757f4f0249d7f8a50573a04e76c657e0-1770219008206.jpeg","width":390,"height":844,"timestamp":3339349.55,"frameSwapWallTime":1770219008204.227}
{"type":"screencast-frame","pageId":"page@757f4f0249d7f8a50573a04e76c657e0","sha1":"page@757f4f0249d7f8a50573a04e76c657e0-1770219008253.jpeg","width":390,"height":844,"timestamp":3339396.869,"frameSwapWallTime":1770219008251.2441}
{"type":"screencast-frame","pageId":"page@757f4f0249d7f8a50573a04e76c657e0","sha1":"page@757f4f0249d7f8a50573a04e76c657e0-1770219008349.jpeg","width":390,"height":844,"timestamp":3339492.594,"frameSwapWallTime":1770219008347.378}
{"type":"screencast-frame","pageId":"page@757f4f0249d7f8a50573a04e76c657e0","sha1":"page@757f4f0249d7f8a50573a04e76c657e0-1770219011161.jpeg","width":390,"height":844,"timestamp":3342305.11,"frameSwapWallTime":1770219011157.5151}
{"type":"screencast-frame","pageId":"page@757f4f0249d7f8a50573a04e76c657e0","sha1":"page@757f4f0249d7f8a50573a04e76c657e0-1770219011210.jpeg","width":390,"height":844,"timestamp":3342353.91,"frameSwapWallTime":1770219011208.601}
{"type":"screencast-frame","pageId":"page@757f4f0249d7f8a50573a04e76c657e0","sha1":"page@757f4f0249d7f8a50573a04e76c657e0-1770219011257.jpeg","width":390,"height":844,"timestamp":3342400.865,"frameSwapWallTime":1770219011255.6218}
{"type":"screencast-frame","pageId":"page@757f4f0249d7f8a50573a04e76c657e0","sha1":"page@757f4f0249d7f8a50573a04e76c657e0-1770219011397.jpeg","width":390,"height":844,"timestamp":3342540.902,"frameSwapWallTime":1770219011395.64}
{"type":"screencast-frame","pageId":"page@757f4f0249d7f8a50573a04e76c657e0","sha1":"page@757f4f0249d7f8a50573a04e76c657e0-1770219011556.jpeg","width":390,"height":844,"timestamp":3342700.09,"frameSwapWallTime":1770219011554.826}
{"type":"screencast-frame","pageId":"page@757f4f0249d7f8a50573a04e76c657e0","sha1":"page@757f4f0249d7f8a50573a04e76c657e0-1770219014154.jpeg","width":390,"height":844,"timestamp":3345297.259,"frameSwapWallTime":1770219014151.767}
{"type":"screencast-frame","pageId":"page@757f4f0249d7f8a50573a04e76c657e0","sha1":"page@757f4f0249d7f8a50573a04e76c657e0-1770219014203.jpeg","width":390,"height":844,"timestamp":3345346.918,"frameSwapWallTime":1770219014201.619}
{"type":"screencast-frame","pageId":"page@757f4f0249d7f8a50573a04e76c657e0","sha1":"page@757f4f0249d7f8a50573a04e76c657e0-1770219014250.jpeg","width":390,"height":844,"timestamp":3345393.294,"frameSwapWallTime":1770219014248.0928}
{"type":"screencast-frame","pageId":"page@757f4f0249d7f8a50573a04e76c657e0","sha1":"page@757f4f0249d7f8a50573a04e76c657e0-1770219014296.jpeg","width":390,"height":844,"timestamp":3345439.458,"frameSwapWallTime":1770219014294.191}
{"type":"screencast-frame","pageId":"page@757f4f0249d7f8a50573a04e76c657e0","sha1":"page@757f4f0249d7f8a50573a04e76c657e0-1770219014388.jpeg","width":390,"height":844,"timestamp":3345531.334,"frameSwapWallTime":1770219014386.139}
{"type":"screencast-frame","pageId":"page@757f4f0249d7f8a50573a04e76c657e0","sha1":"page@757f4f0249d7f8a50573a04e76c657e0-1770219014585.jpeg","width":390,"height":844,"timestamp":3345729.07,"frameSwapWallTime":1770219014583.2952}
{"type":"console","messageType":"log","text":"[Fast Refresh] rebuilding","args":[{"preview":"[Fast Refresh] rebuilding","value":"[Fast Refresh] rebuilding"}],"location":{"url":"http://localhost:3000/_next/static/chunks/fc97a_next_dist_client_260848._.js","lineNumber":12393,"columnNumber":24},"time":3346826.461,"pageId":"page@757f4f0249d7f8a50573a04e76c657e0"}
{"type":"console","messageType":"warning","text":"[Fast Refresh] performing full reload\n\nFast Refresh will perform a full reload when you edit a file that's imported by modules outside of the React rendering tree.\nYou might have a file which exports a React component but also exports a value that is imported by a non-React component file.\nConsider migrating the non-React component export to a separate file and importing it into both files.\n\nIt is also possible the parent component of the component you edited is a class component, which disables Fast Refresh.\nFast Refresh requires at least one parent function component in your React tree.","args":[{"preview":"[Fast Refresh] performing full reload\n\nFast Refresh will perform a full reload when you edit a file that's imported by modules outside of the React rendering tree.\nYou might have a file which exports a React component but also exports a value that is imported by a non-React component file.\nConsider migrating the non-React component export to a separate file and importing it into both files.\n\nIt is also possible the parent component of the component you edited is a class component, which disables Fast Refresh.\nFast Refresh requires at least one parent function component in your React tree.","value":"[Fast Refresh] performing full reload\n\nFast Refresh will perform a full reload when you edit a file that's imported by modules outside of the React rendering tree.\nYou might have a file which exports a React component but also exports a value that is imported by a non-React component file.\nConsider migrating the non-React component export to a separate file and importing it into both files.\n\nIt is also possible the parent component of the component you edited is a class component, which disables Fast Refresh.\nFast Refresh requires at least one parent function component in your React tree."}],"location":{"url":"http://localhost:3000/_next/static/chunks/%5Bturbopack%5D_dev_client_dcbd7d._.js","lineNumber":112,"columnNumber":28},"time":3346942.919,"pageId":"page@757f4f0249d7f8a50573a04e76c657e0"}
{"type":"console","messageType":"log","text":"[Fast Refresh] done in 111ms","args":[{"preview":"[Fast Refresh] done in 111ms","value":"[Fast Refresh] done in 111ms"}],"location":{"url":"http://localhost:3000/_next/static/chunks/fc97a_next_dist_client_260848._.js","lineNumber":12248,"columnNumber":12},"time":3347034.514,"pageId":"page@757f4f0249d7f8a50573a04e76c657e0"}
{"type":"console","messageType":"warning","text":"[Fast Refresh] performing full reload\n\nFast Refresh will perform a full reload when you edit a file that's imported by modules outside of the React rendering tree.\nYou might have a file which exports a React component but also exports a value that is imported by a non-React component file.\nConsider migrating the non-React component export to a separate file and importing it into both files.\n\nIt is also possible the parent component of the component you edited is a class component, which disables Fast Refresh.\nFast Refresh requires at least one parent function component in your React tree.","args":[{"preview":"[Fast Refresh] performing full reload\n\nFast Refresh will perform a full reload when you edit a file that's imported by modules outside of the React rendering tree.\nYou might have a file which exports a React component but also exports a value that is imported by a non-React component file.\nConsider migrating the non-React component export to a separate file and importing it into both files.\n\nIt is also possible the parent component of the component you edited is a class component, which disables Fast Refresh.\nFast Refresh requires at least one parent function component in your React tree.","value":"[Fast Refresh] performing full reload\n\nFast Refresh will perform a full reload when you edit a file that's imported by modules outside of the React rendering tree.\nYou might have a file which exports a React component but also exports a value that is imported by a non-React component file.\nConsider migrating the non-React component export to a separate file and importing it into both files.\n\nIt is also possible the parent component of the component you edited is a class component, which disables Fast Refresh.\nFast Refresh requires at least one parent function component in your React tree."}],"location":{"url":"http://localhost:3000/_next/static/chunks/%5Bturbopack%5D_dev_client_dcbd7d._.js","lineNumber":112,"columnNumber":28},"time":3347653.351,"pageId":"page@757f4f0249d7f8a50573a04e76c657e0"}
{"type":"console","messageType":"log","text":"[Fast Refresh] done in 827ms","args":[{"preview":"[Fast Refresh] done in 827ms","value":"[Fast Refresh] done in 827ms"}],"location":{"url":"http://localhost:3000/_next/static/chunks/fc97a_next_dist_client_260848._.js","lineNumber":12248,"columnNumber":12},"time":3347683.82,"pageId":"page@757f4f0249d7f8a50573a04e76c657e0"}
{"type":"console","messageType":"log","text":"[Fast Refresh] rebuilding","args":[{"preview":"[Fast Refresh] rebuilding","value":"[Fast Refresh] rebuilding"}],"location":{"url":"http://localhost:3000/_next/static/chunks/fc97a_next_dist_client_260848._.js","lineNumber":12393,"columnNumber":24},"time":3347875.318,"pageId":"page@757f4f0249d7f8a50573a04e76c657e0"}
{"type":"console","messageType":"log","text":"[Fast Refresh] rebuilding","args":[{"preview":"[Fast Refresh] rebuilding","value":"[Fast Refresh] rebuilding"}],"location":{"url":"http://localhost:3000/_next/static/chunks/fc97a_next_dist_client_260848._.js","lineNumber":12393,"columnNumber":24},"time":3348108.082,"pageId":"page@757f4f0249d7f8a50573a04e76c657e0"}
{"type":"screencast-frame","pageId":"page@757f4f0249d7f8a50573a04e76c657e0","sha1":"page@757f4f0249d7f8a50573a04e76c657e0-1770219017164.jpeg","width":390,"height":844,"timestamp":3348308.072,"frameSwapWallTime":1770219017162.565}
{"type":"screencast-frame","pageId":"page@757f4f0249d7f8a50573a04e76c657e0","sha1":"page@757f4f0249d7f8a50573a04e76c657e0-1770219017219.jpeg","width":390,"height":844,"timestamp":3348362.592,"frameSwapWallTime":1770219017217.263}
{"type":"screencast-frame","pageId":"page@757f4f0249d7f8a50573a04e76c657e0","sha1":"page@757f4f0249d7f8a50573a04e76c657e0-1770219017274.jpeg","width":390,"height":844,"timestamp":3348417.31,"frameSwapWallTime":1770219017271.786}
{"type":"screencast-frame","pageId":"page@757f4f0249d7f8a50573a04e76c657e0","sha1":"page@757f4f0249d7f8a50573a04e76c657e0-1770219017338.jpeg","width":390,"height":844,"timestamp":3348481.664,"frameSwapWallTime":1770219017335.081}
{"type":"screencast-frame","pageId":"page@757f4f0249d7f8a50573a04e76c657e0","sha1":"page@757f4f0249d7f8a50573a04e76c657e0-1770219017397.jpeg","width":390,"height":844,"timestamp":3348540.427,"frameSwapWallTime":1770219017395.151}
{"type":"console","messageType":"error","text":"Failed to fetch RSC payload for http://localhost:3000/. Falling back to browser navigation. TypeError: Failed to fetch\n    at fetchServerResponse (http://localhost:3000/_next/static/chunks/fc97a_next_dist_client_260848._.js:365:27)\n    at fastRefreshReducerImpl (http://localhost:3000/_next/static/chunks/fc97a_next_dist_client_260848._.js:3123:67)\n    at clientReducer (http://localhost:3000/_next/static/chunks/fc97a_next_dist_client_260848._.js:3480:67)\n    at Object.action (http://localhost:3000/_next/static/chunks/fc97a_next_dist_7138d7._.js:592:55)\n    at runAction (http://localhost:3000/_next/static/chunks/fc97a_next_dist_7138d7._.js:498:38)\n    at runRemainingActions (http://localhost:3000/_next/static/chunks/fc97a_next_dist_7138d7._.js:472:13)\n    at handleResult (http://localhost:3000/_next/static/chunks/fc97a_next_dist_7138d7._.js:508:9)","args":[{"preview":"Failed to fetch RSC payload for http://localhost:3000/. Falling back to browser navigation.","value":"Failed to fetch RSC payload for http://localhost:3000/. Falling back to browser navigation."},{"preview":"TypeError: Failed to fetch\n    at fetchServerResponse (http://localhost:3000/_next/static/chunks/fc97a_next_dist_client_260848._.js:365:27)\n    at fastRefreshReducerImpl (http://localhost:3000/_next/static/chunks/fc97a_next_dist_client_260848._.js:3123:67)\n    at clientReducer (http://localhost:3000/_next/static/chunks/fc97a_next_dist_client_260848._.js:3480:67)\n    at Object.action (http://localhost:3000/_next/static/chunks/fc97a_next_dist_7138d7._.js:592:55)\n    at runAction (http://localhost:3000/_next/static/chunks/fc97a_next_dist_7138d7._.js:498:38)\n    at runRemainingActions (http://localhost:3000/_next/static/chunks/fc97a_next_dist_7138d7._.js:472:13)\n    at handleResult (http://localhost:3000/_next/static/chunks/fc97a_next_dist_7138d7._.js:508:9)"}],"location":{"url":"http://localhost:3000/_next/static/chunks/fc97a_next_dist_client_260848._.js","lineNumber":13389,"columnNumber":21},"time":3348719.753,"pageId":"page@757f4f0249d7f8a50573a04e76c657e0"}
{"type":"screencast-frame","pageId":"page@757f4f0249d7f8a50573a04e76c657e0","sha1":"page@757f4f0249d7f8a50573a04e76c657e0-1770219017593.jpeg","width":390,"height":844,"timestamp":3348736.127,"frameSwapWallTime":1770219017587.416}
{"type":"screencast-frame","pageId":"page@757f4f0249d7f8a50573a04e76c657e0","sha1":"page@757f4f0249d7f8a50573a04e76c657e0-1770219017875.jpeg","width":390,"height":844,"timestamp":3349018.087,"frameSwapWallTime":1770219017872.425}
{"type":"console","messageType":"info","text":"%cDownload the React DevTools for a better development experience: https://reactjs.org/link/react-devtools font-weight:bold","args":[{"preview":"%cDownload the React DevTools for a better development experience: https://reactjs.org/link/react-devtools","value":"%cDownload the React DevTools for a better development experience: https://reactjs.org/link/react-devtools"},{"preview":"font-weight:bold","value":"font-weight:bold"}],"location":{"url":"http://localhost:3000/_next/static/chunks/fc97a_next_dist_compiled_react-dom_cjs_react-dom_development_16a7b4.js","lineNumber":32458,"columnNumber":32},"time":3349377.624,"pageId":"page@757f4f0249d7f8a50573a04e76c657e0"}
{"type":"screencast-frame","pageId":"page@757f4f0249d7f8a50573a04e76c657e0","sha1":"page@757f4f0249d7f8a50573a04e76c657e0-1770219018631.jpeg","width":390,"height":844,"timestamp":3349774.18,"frameSwapWallTime":1770219018628.249}
{"type":"console","messageType":"log","text":"[Fast Refresh] rebuilding","args":[{"preview":"[Fast Refresh] rebuilding","value":"[Fast Refresh] rebuilding"}],"location":{"url":"http://localhost:3000/_next/static/chunks/fc97a_next_dist_client_260848._.js","lineNumber":12393,"columnNumber":24},"time":3349836.305,"pageId":"page@757f4f0249d7f8a50573a04e76c657e0"}
{"type":"screencast-frame","pageId":"page@757f4f0249d7f8a50573a04e76c657e0","sha1":"page@757f4f0249d7f8a50573a04e76c657e0-1770219018709.jpeg","width":390,"height":844,"timestamp":3349852.892,"frameSwapWallTime":1770219018707.0078}
{"type":"console","messageType":"log","text":"[Fast Refresh] rebuilding","args":[{"preview":"[Fast Refresh] rebuilding","value":"[Fast Refresh] rebuilding"}],"location":{"url":"http://localhost:3000/_next/static/chunks/fc97a_next_dist_client_260848._.js","lineNumber":12393,"columnNumber":24},"time":3349936.165,"pageId":"page@757f4f0249d7f8a50573a04e76c657e0"}
{"type":"console","messageType":"log","text":"[Fast Refresh] rebuilding","args":[{"preview":"[Fast Refresh] rebuilding","value":"[Fast Refresh] rebuilding"}],"location":{"url":"http://localhost:3000/_next/static/chunks/fc97a_next_dist_client_260848._.js","lineNumber":12393,"columnNumber":24},"time":3350042.845,"pageId":"page@757f4f0249d7f8a50573a04e76c657e0"}
{"type":"console","messageType":"log","text":"[Fast Refresh] rebuilding","args":[{"preview":"[Fast Refresh] rebuilding","value":"[Fast Refresh] rebuilding"}],"location":{"url":"http://localhost:3000/_next/static/chunks/fc97a_next_dist_client_260848._.js","lineNumber":12393,"columnNumber":24},"time":3350075.24,"pageId":"page@757f4f0249d7f8a50573a04e76c657e0"}
{"type":"console","messageType":"log","text":"[Fast Refresh] rebuilding","args":[{"preview":"[Fast Refresh] rebuilding","value":"[Fast Refresh] rebuilding"}],"location":{"url":"http://localhost:3000/_next/static/chunks/fc97a_next_dist_client_260848._.js","lineNumber":12393,"columnNumber":24},"time":3350117.538,"pageId":"page@757f4f0249d7f8a50573a04e76c657e0"}
{"type":"console","messageType":"log","text":"[Fast Refresh] rebuilding","args":[{"preview":"[Fast Refresh] rebuilding","value":"[Fast Refresh] rebuilding"}],"location":{"url":"http://localhost:3000/_next/static/chunks/fc97a_next_dist_client_260848._.js","lineNumber":12393,"columnNumber":24},"time":3350180.247,"pageId":"page@757f4f0249d7f8a50573a04e76c657e0"}
{"type":"console","messageType":"log","text":"[Fast Refresh] rebuilding","args":[{"preview":"[Fast Refresh] rebuilding","value":"[Fast Refresh] rebuilding"}],"location":{"url":"http://localhost:3000/_next/static/chunks/fc97a_next_dist_client_260848._.js","lineNumber":12393,"columnNumber":24},"time":3350292.848,"pageId":"page@757f4f0249d7f8a50573a04e76c657e0"}
{"type":"console","messageType":"log","text":"[Fast Refresh] rebuilding","args":[{"preview":"[Fast Refresh] rebuilding","value":"[Fast Refresh] rebuilding"}],"location":{"url":"http://localhost:3000/_next/static/chunks/fc97a_next_dist_client_260848._.js","lineNumber":12393,"columnNumber":24},"time":3350355.966,"pageId":"page@757f4f0249d7f8a50573a04e76c657e0"}
{"type":"console","messageType":"log","text":"[Fast Refresh] rebuilding","args":[{"preview":"[Fast Refresh] rebuilding","value":"[Fast Refresh] rebuilding"}],"location":{"url":"http://localhost:3000/_next/static/chunks/fc97a_next_dist_client_260848._.js","lineNumber":12393,"columnNumber":24},"time":3350400.811,"pageId":"page@757f4f0249d7f8a50573a04e76c657e0"}
{"type":"console","messageType":"log","text":"[Fast Refresh] rebuilding","args":[{"preview":"[Fast Refresh] rebuilding","value":"[Fast Refresh] rebuilding"}],"location":{"url":"http://localhost:3000/_next/static/chunks/fc97a_next_dist_client_260848._.js","lineNumber":12393,"columnNumber":24},"time":3350444.12,"pageId":"page@757f4f0249d7f8a50573a04e76c657e0"}
{"type":"console","messageType":"log","text":"[Fast Refresh] rebuilding","args":[{"preview":"[Fast Refresh] rebuilding","value":"[Fast Refresh] rebuilding"}],"location":{"url":"http://localhost:3000/_next/static/chunks/fc97a_next_dist_client_260848._.js","lineNumber":12393,"columnNumber":24},"time":3350539.247,"pageId":"page@757f4f0249d7f8a50573a04e76c657e0"}
{"type":"console","messageType":"log","text":"[Fast Refresh] rebuilding","args":[{"preview":"[Fast Refresh] rebuilding","value":"[Fast Refresh] rebuilding"}],"location":{"url":"http://localhost:3000/_next/static/chunks/fc97a_next_dist_client_260848._.js","lineNumber":12393,"columnNumber":24},"time":3350577.949,"pageId":"page@757f4f0249d7f8a50573a04e76c657e0"}
{"type":"console","messageType":"log","text":"[Fast Refresh] rebuilding","args":[{"preview":"[Fast Refresh] rebuilding","value":"[Fast Refresh] rebuilding"}],"location":{"url":"http://localhost:3000/_next/static/chunks/fc97a_next_dist_client_260848._.js","lineNumber":12393,"columnNumber":24},"time":3350619.846,"pageId":"page@757f4f0249d7f8a50573a04e76c657e0"}
{"type":"console","messageType":"log","text":"[Fast Refresh] rebuilding","args":[{"preview":"[Fast Refresh] rebuilding","value":"[Fast Refresh] rebuilding"}],"location":{"url":"http://localhost:3000/_next/static/chunks/fc97a_next_dist_client_260848._.js","lineNumber":12393,"columnNumber":24},"time":3350654.446,"pageId":"page@757f4f0249d7f8a50573a04e76c657e0"}
{"type":"screencast-frame","pageId":"page@757f4f0249d7f8a50573a04e76c657e0","sha1":"page@757f4f0249d7f8a50573a04e76c657e0-1770219021717.jpeg","width":390,"height":844,"timestamp":3352860.594,"frameSwapWallTime":1770219021715.2751}
{"type":"screencast-frame","pageId":"page@757f4f0249d7f8a50573a04e76c657e0","sha1":"page@757f4f0249d7f8a50573a04e76c657e0-1770219021760.jpeg","width":390,"height":844,"timestamp":3352903.157,"frameSwapWallTime":1770219021757.998}
{"type":"screencast-frame","pageId":"page@757f4f0249d7f8a50573a04e76c657e0","sha1":"page@757f4f0249d7f8a50573a04e76c657e0-1770219021806.jpeg","width":390,"height":844,"timestamp":3352949.335,"frameSwapWallTime":1770219021804.0928}
{"type":"screencast-frame","pageId":"page@757f4f0249d7f8a50573a04e76c657e0","sha1":"page@757f4f0249d7f8a50573a04e76c657e0-1770219021852.jpeg","width":390,"height":844,"timestamp":3352995.684,"frameSwapWallTime":1770219021850.558}
{"type":"screencast-frame","pageId":"page@757f4f0249d7f8a50573a04e76c657e0","sha1":"page@757f4f0249d7f8a50573a04e76c657e0-1770219022045.jpeg","width":390,"height":844,"timestamp":3353188.284,"frameSwapWallTime":1770219022042.849}
{"type":"screencast-frame","pageId":"page@757f4f0249d7f8a50573a04e76c657e0","sha1":"page@757f4f0249d7f8a50573a04e76c657e0-1770219024776.jpeg","width":390,"height":844,"timestamp":3355919.511,"frameSwapWallTime":1770219024770.751}
{"type":"screencast-frame","pageId":"page@757f4f0249d7f8a50573a04e76c657e0","sha1":"page@757f4f0249d7f8a50573a04e76c657e0-1770219024868.jpeg","width":390,"height":844,"timestamp":3356011.778,"frameSwapWallTime":1770219024866.471}
{"type":"screencast-frame","pageId":"page@757f4f0249d7f8a50573a04e76c657e0","sha1":"page@757f4f0249d7f8a50573a04e76c657e0-1770219024919.jpeg","width":390,"height":844,"timestamp":3356062.331,"frameSwapWallTime":1770219024917.0352}
{"type":"screencast-frame","pageId":"page@757f4f0249d7f8a50573a04e76c657e0","sha1":"page@757f4f0249d7f8a50573a04e76c657e0-1770219024965.jpeg","width":390,"height":844,"timestamp":3356109.023,"frameSwapWallTime":1770219024963.8218}
{"type":"screencast-frame","pageId":"page@757f4f0249d7f8a50573a04e76c657e0","sha1":"page@757f4f0249d7f8a50573a04e76c657e0-1770219025056.jpeg","width":390,"height":844,"timestamp":3356199.999,"frameSwapWallTime":1770219025054.717}
{"type":"screencast-frame","pageId":"page@757f4f0249d7f8a50573a04e76c657e0","sha1":"page@757f4f0249d7f8a50573a04e76c657e0-1770219027723.jpeg","width":390,"height":844,"timestamp":3358866.451,"frameSwapWallTime":1770219027720.368}
{"type":"screencast-frame","pageId":"page@757f4f0249d7f8a50573a04e76c657e0","sha1":"page@757f4f0249d7f8a50573a04e76c657e0-1770219027764.jpeg","width":390,"height":844,"timestamp":3358907.319,"frameSwapWallTime":1770219027761.792}
{"type":"screencast-frame","pageId":"page@757f4f0249d7f8a50573a04e76c657e0","sha1":"page@757f4f0249d7f8a50573a04e76c657e0-1770219027810.jpeg","width":390,"height":844,"timestamp":3358953.951,"frameSwapWallTime":1770219027808.853}
{"type":"screencast-frame","pageId":"page@757f4f0249d7f8a50573a04e76c657e0","sha1":"page@757f4f0249d7f8a50573a04e76c657e0-1770219027858.jpeg","width":390,"height":844,"timestamp":3359001.617,"frameSwapWallTime":1770219027856.468}
{"type":"screencast-frame","pageId":"page@757f4f0249d7f8a50573a04e76c657e0","sha1":"page@757f4f0249d7f8a50573a04e76c657e0-1770219028046.jpeg","width":390,"height":844,"timestamp":3359189.335,"frameSwapWallTime":1770219028044.0781}
{"type":"screencast-frame","pageId":"page@757f4f0249d7f8a50573a04e76c657e0","sha1":"page@757f4f0249d7f8a50573a04e76c657e0-1770219030711.jpeg","width":390,"height":844,"timestamp":3361854.589,"frameSwapWallTime":1770219030709.096}
{"type":"screencast-frame","pageId":"page@757f4f0249d7f8a50573a04e76c657e0","sha1":"page@757f4f0249d7f8a50573a04e76c657e0-1770219030759.jpeg","width":390,"height":844,"timestamp":3361902.393,"frameSwapWallTime":1770219030757.2441}
{"type":"screencast-frame","pageId":"page@757f4f0249d7f8a50573a04e76c657e0","sha1":"page@757f4f0249d7f8a50573a04e76c657e0-1770219030804.jpeg","width":390,"height":844,"timestamp":3361947.13,"frameSwapWallTime":1770219030802.001}
{"type":"screencast-frame","pageId":"page@757f4f0249d7f8a50573a04e76c657e0","sha1":"page@757f4f0249d7f8a50573a04e76c657e0-1770219030849.jpeg","width":390,"height":844,"timestamp":3361992.943,"frameSwapWallTime":1770219030846.9019}
{"type":"screencast-frame","pageId":"page@757f4f0249d7f8a50573a04e76c657e0","sha1":"page@757f4f0249d7f8a50573a04e76c657e0-1770219031072.jpeg","width":390,"height":844,"timestamp":3362215.954,"frameSwapWallTime":1770219031070.822}
{"type":"screencast-frame","pageId":"page@757f4f0249d7f8a50573a04e76c657e0","sha1":"page@757f4f0249d7f8a50573a04e76c657e0-1770219033711.jpeg","width":390,"height":844,"timestamp":3364854.979,"frameSwapWallTime":1770219033709.332}
{"type":"screencast-frame","pageId":"page@757f4f0249d7f8a50573a04e76c657e0","sha1":"page@757f4f0249d7f8a50573a04e76c657e0-1770219033750.jpeg","width":390,"height":844,"timestamp":3364893.681,"frameSwapWallTime":1770219033748.533}
{"type":"screencast-frame","pageId":"page@757f4f0249d7f8a50573a04e76c657e0","sha1":"page@757f4f0249d7f8a50573a04e76c657e0-1770219033803.jpeg","width":390,"height":844,"timestamp":3364946.608,"frameSwapWallTime":1770219033801.1921}
{"type":"screencast-frame","pageId":"page@757f4f0249d7f8a50573a04e76c657e0","sha1":"page@757f4f0249d7f8a50573a04e76c657e0-1770219033895.jpeg","width":390,"height":844,"timestamp":3365038.403,"frameSwapWallTime":1770219033893.3289}
{"type":"screencast-frame","pageId":"page@757f4f0249d7f8a50573a04e76c657e0","sha1":"page@757f4f0249d7f8a50573a04e76c657e0-1770219034082.jpeg","width":390,"height":844,"timestamp":3365225.94,"frameSwapWallTime":1770219034080.862}
{"type":"screencast-frame","pageId":"page@757f4f0249d7f8a50573a04e76c657e0","sha1":"page@757f4f0249d7f8a50573a04e76c657e0-1770219036714.jpeg","width":390,"height":844,"timestamp":3367857.167,"frameSwapWallTime":1770219036711.2688}
{"type":"screencast-frame","pageId":"page@757f4f0249d7f8a50573a04e76c657e0","sha1":"page@757f4f0249d7f8a50573a04e76c657e0-1770219036753.jpeg","width":390,"height":844,"timestamp":3367896.083,"frameSwapWallTime":1770219036751.0159}
{"type":"screencast-frame","pageId":"page@757f4f0249d7f8a50573a04e76c657e0","sha1":"page@757f4f0249d7f8a50573a04e76c657e0-1770219036802.jpeg","width":390,"height":844,"timestamp":3367945.429,"frameSwapWallTime":1770219036799.9338}
{"type":"screencast-frame","pageId":"page@757f4f0249d7f8a50573a04e76c657e0","sha1":"page@757f4f0249d7f8a50573a04e76c657e0-1770219036896.jpeg","width":390,"height":844,"timestamp":3368039.622,"frameSwapWallTime":1770219036894.4448}
{"type":"screencast-frame","pageId":"page@757f4f0249d7f8a50573a04e76c657e0","sha1":"page@757f4f0249d7f8a50573a04e76c657e0-1770219037084.jpeg","width":390,"height":844,"timestamp":3368227.433,"frameSwapWallTime":1770219037082.418}
{"type":"screencast-frame","pageId":"page@757f4f0249d7f8a50573a04e76c657e0","sha1":"page@757f4f0249d7f8a50573a04e76c657e0-1770219039781.jpeg","width":390,"height":844,"timestamp":3370924.532,"frameSwapWallTime":1770219039776.563}
{"type":"screencast-frame","pageId":"page@757f4f0249d7f8a50573a04e76c657e0","sha1":"page@757f4f0249d7f8a50573a04e76c657e0-1770219039841.jpeg","width":390,"height":844,"timestamp":3370984.352,"frameSwapWallTime":1770219039839.236}
{"type":"screencast-frame","pageId":"page@757f4f0249d7f8a50573a04e76c657e0","sha1":"page@757f4f0249d7f8a50573a04e76c657e0-1770219039887.jpeg","width":390,"height":844,"timestamp":3371030.812,"frameSwapWallTime":1770219039885.7988}
{"type":"screencast-frame","pageId":"page@757f4f0249d7f8a50573a04e76c657e0","sha1":"page@757f4f0249d7f8a50573a04e76c657e0-1770219039932.jpeg","width":390,"height":844,"timestamp":3371075.766,"frameSwapWallTime":1770219039930.762}
{"type":"screencast-frame","pageId":"page@757f4f0249d7f8a50573a04e76c657e0","sha1":"page@757f4f0249d7f8a50573a04e76c657e0-1770219040128.jpeg","width":390,"height":844,"timestamp":3371271.622,"frameSwapWallTime":1770219040126.294}
{"type":"screencast-frame","pageId":"page@757f4f0249d7f8a50573a04e76c657e0","sha1":"page@757f4f0249d7f8a50573a04e76c657e0-1770219042705.jpeg","width":390,"height":844,"timestamp":3373848.677,"frameSwapWallTime":1770219042703.0571}
{"type":"screencast-frame","pageId":"page@757f4f0249d7f8a50573a04e76c657e0","sha1":"page@757f4f0249d7f8a50573a04e76c657e0-1770219042755.jpeg","width":390,"height":844,"timestamp":3373898.346,"frameSwapWallTime":1770219042753.289}
{"type":"screencast-frame","pageId":"page@757f4f0249d7f8a50573a04e76c657e0","sha1":"page@757f4f0249d7f8a50573a04e76c657e0-1770219042804.jpeg","width":390,"height":844,"timestamp":3373947.576,"frameSwapWallTime":1770219042802.5662}
{"type":"screencast-frame","pageId":"page@757f4f0249d7f8a50573a04e76c657e0","sha1":"page@757f4f0249d7f8a50573a04e76c657e0-1770219042943.jpeg","width":390,"height":844,"timestamp":3374086.144,"frameSwapWallTime":1770219042941.0269}
{"type":"screencast-frame","pageId":"page@757f4f0249d7f8a50573a04e76c657e0","sha1":"page@757f4f0249d7f8a50573a04e76c657e0-1770219043139.jpeg","width":390,"height":844,"timestamp":3374282.205,"frameSwapWallTime":1770219043137.165}
{"type":"screencast-frame","pageId":"page@757f4f0249d7f8a50573a04e76c657e0","sha1":"page@757f4f0249d7f8a50573a04e76c657e0-1770219045713.jpeg","width":390,"height":844,"timestamp":3376856.602,"frameSwapWallTime":1770219045711.0679}
{"type":"screencast-frame","pageId":"page@757f4f0249d7f8a50573a04e76c657e0","sha1":"page@757f4f0249d7f8a50573a04e76c657e0-1770219045754.jpeg","width":390,"height":844,"timestamp":3376897.352,"frameSwapWallTime":1770219045752.3652}
{"type":"screencast-frame","pageId":"page@757f4f0249d7f8a50573a04e76c657e0","sha1":"page@757f4f0249d7f8a50573a04e76c657e0-1770219045800.jpeg","width":390,"height":844,"timestamp":3376943.451,"frameSwapWallTime":1770219045798.436}
{"type":"screencast-frame","pageId":"page@757f4f0249d7f8a50573a04e76c657e0","sha1":"page@757f4f0249d7f8a50573a04e76c657e0-1770219045940.jpeg","width":390,"height":844,"timestamp":3377083.258,"frameSwapWallTime":1770219045938.078}
{"type":"screencast-frame","pageId":"page@757f4f0249d7f8a50573a04e76c657e0","sha1":"page@757f4f0249d7f8a50573a04e76c657e0-1770219046132.jpeg","width":390,"height":844,"timestamp":3377275.707,"frameSwapWallTime":1770219046130.497}
{"type":"screencast-frame","pageId":"page@757f4f0249d7f8a50573a04e76c657e0","sha1":"page@757f4f0249d7f8a50573a04e76c657e0-1770219048698.jpeg","width":390,"height":844,"timestamp":3379841.724,"frameSwapWallTime":1770219048696.6208}
{"type":"screencast-frame","pageId":"page@757f4f0249d7f8a50573a04e76c657e0","sha1":"page@757f4f0249d7f8a50573a04e76c657e0-1770219048749.jpeg","width":390,"height":844,"timestamp":3379892.76,"frameSwapWallTime":1770219048747.639}
{"type":"screencast-frame","pageId":"page@757f4f0249d7f8a50573a04e76c657e0","sha1":"page@757f4f0249d7f8a50573a04e76c657e0-1770219048798.jpeg","width":390,"height":844,"timestamp":3379941.419,"frameSwapWallTime":1770219048796.347}
{"type":"screencast-frame","pageId":"page@757f4f0249d7f8a50573a04e76c657e0","sha1":"page@757f4f0249d7f8a50573a04e76c657e0-1770219048847.jpeg","width":390,"height":844,"timestamp":3379990.139,"frameSwapWallTime":1770219048845.063}
{"type":"screencast-frame","pageId":"page@757f4f0249d7f8a50573a04e76c657e0","sha1":"page@757f4f0249d7f8a50573a04e76c657e0-1770219048949.jpeg","width":390,"height":844,"timestamp":3380092.544,"frameSwapWallTime":1770219048947.471}
{"type":"screencast-frame","pageId":"page@757f4f0249d7f8a50573a04e76c657e0","sha1":"page@757f4f0249d7f8a50573a04e76c657e0-1770219049138.jpeg","width":390,"height":844,"timestamp":3380281.64,"frameSwapWallTime":1770219049136.559}
{"type":"screencast-frame","pageId":"page@757f4f0249d7f8a50573a04e76c657e0","sha1":"page@757f4f0249d7f8a50573a04e76c657e0-1770219051723.jpeg","width":390,"height":844,"timestamp":3382866.658,"frameSwapWallTime":1770219051721.114}
{"type":"screencast-frame","pageId":"page@757f4f0249d7f8a50573a04e76c657e0","sha1":"page@757f4f0249d7f8a50573a04e76c657e0-1770219051763.jpeg","width":390,"height":844,"timestamp":3382906.514,"frameSwapWallTime":1770219051761.176}
{"type":"screencast-frame","pageId":"page@757f4f0249d7f8a50573a04e76c657e0","sha1":"page@757f4f0249d7f8a50573a04e76c657e0-1770219051810.jpeg","width":390,"height":844,"timestamp":3382953.607,"frameSwapWallTime":1770219051808.66}
{"type":"screencast-frame","pageId":"page@757f4f0249d7f8a50573a04e76c657e0","sha1":"page@757f4f0249d7f8a50573a04e76c657e0-1770219051860.jpeg","width":390,"height":844,"timestamp":3383003.187,"frameSwapWallTime":1770219051858.163}
{"type":"screencast-frame","pageId":"page@757f4f0249d7f8a50573a04e76c657e0","sha1":"page@757f4f0249d7f8a50573a04e76c657e0-1770219051953.jpeg","width":390,"height":844,"timestamp":3383096.13,"frameSwapWallTime":1770219051951.184}
{"type":"screencast-frame","pageId":"page@757f4f0249d7f8a50573a04e76c657e0","sha1":"page@757f4f0249d7f8a50573a04e76c657e0-1770219052146.jpeg","width":390,"height":844,"timestamp":3383289.022,"frameSwapWallTime":1770219052143.97}
{"type":"screencast-frame","pageId":"page@757f4f0249d7f8a50573a04e76c657e0","sha1":"page@757f4f0249d7f8a50573a04e76c657e0-1770219054797.jpeg","width":390,"height":844,"timestamp":3385940.726,"frameSwapWallTime":1770219054784.7449}
{"type":"screencast-frame","pageId":"page@757f4f0249d7f8a50573a04e76c657e0","sha1":"page@757f4f0249d7f8a50573a04e76c657e0-1770219054913.jpeg","width":390,"height":844,"timestamp":3386056.629,"frameSwapWallTime":1770219054910.9832}
{"type":"screencast-frame","pageId":"page@757f4f0249d7f8a50573a04e76c657e0","sha1":"page@757f4f0249d7f8a50573a04e76c657e0-1770219054960.jpeg","width":390,"height":844,"timestamp":3386103.315,"frameSwapWallTime":1770219054958.253}
{"type":"screencast-frame","pageId":"page@757f4f0249d7f8a50573a04e76c657e0","sha1":"page@757f4f0249d7f8a50573a04e76c657e0-1770219055007.jpeg","width":390,"height":844,"timestamp":3386150.37,"frameSwapWallTime":1770219055005.422}
{"type":"console","messageType":"log","text":"[Fast Refresh] rebuilding","args":[{"preview":"[Fast Refresh] rebuilding","value":"[Fast Refresh] rebuilding"}],"location":{"url":"http://localhost:3000/_next/static/chunks/fc97a_next_dist_client_260848._.js","lineNumber":12393,"columnNumber":24},"time":3388580.909,"pageId":"page@757f4f0249d7f8a50573a04e76c657e0"}
{"type":"console","messageType":"log","text":"[Fast Refresh] rebuilding","args":[{"preview":"[Fast Refresh] rebuilding","value":"[Fast Refresh] rebuilding"}],"location":{"url":"http://localhost:3000/_next/static/chunks/fc97a_next_dist_client_260848._.js","lineNumber":12393,"columnNumber":24},"time":3388736.014,"pageId":"page@757f4f0249d7f8a50573a04e76c657e0"}
{"type":"screencast-frame","pageId":"page@757f4f0249d7f8a50573a04e76c657e0","sha1":"page@757f4f0249d7f8a50573a04e76c657e0-1770219057726.jpeg","width":390,"height":844,"timestamp":3388869.441,"frameSwapWallTime":1770219057723.0571}
{"type":"screencast-frame","pageId":"page@757f4f0249d7f8a50573a04e76c657e0","sha1":"page@757f4f0249d7f8a50573a04e76c657e0-1770219057798.jpeg","width":390,"height":844,"timestamp":3388941.581,"frameSwapWallTime":1770219057793.684}
{"type":"screencast-frame","pageId":"page@757f4f0249d7f8a50573a04e76c657e0","sha1":"page@757f4f0249d7f8a50573a04e76c657e0-1770219057929.jpeg","width":390,"height":844,"timestamp":3389072.069,"frameSwapWallTime":1770219057924.779}
{"type":"screencast-frame","pageId":"page@757f4f0249d7f8a50573a04e76c657e0","sha1":"page@757f4f0249d7f8a50573a04e76c657e0-1770219058050.jpeg","width":390,"height":844,"timestamp":3389193.075,"frameSwapWallTime":1770219058046.349}
{"type":"screencast-frame","pageId":"page@757f4f0249d7f8a50573a04e76c657e0","sha1":"page@757f4f0249d7f8a50573a04e76c657e0-1770219058155.jpeg","width":390,"height":844,"timestamp":3389298.724,"frameSwapWallTime":1770219058152.8}
{"type":"console","messageType":"log","text":"[Fast Refresh] rebuilding","args":[{"preview":"[Fast Refresh] rebuilding","value":"[Fast Refresh] rebuilding"}],"location":{"url":"http://localhost:3000/_next/static/chunks/fc97a_next_dist_client_260848._.js","lineNumber":12393,"columnNumber":24},"time":3389386.52,"pageId":"page@757f4f0249d7f8a50573a04e76c657e0"}
{"type":"screencast-frame","pageId":"page@757f4f0249d7f8a50573a04e76c657e0","sha1":"page@757f4f0249d7f8a50573a04e76c657e0-1770219058263.jpeg","width":390,"height":844,"timestamp":3389406.179,"frameSwapWallTime":1770219058254.181}
{"type":"console","messageType":"log","text":"[Fast Refresh] rebuilding","args":[{"preview":"[Fast Refresh] rebuilding","value":"[Fast Refresh] rebuilding"}],"location":{"url":"http://localhost:3000/_next/static/chunks/fc97a_next_dist_client_260848._.js","lineNumber":12393,"columnNumber":24},"time":3389483.64,"pageId":"page@757f4f0249d7f8a50573a04e76c657e0"}
{"type":"screencast-frame","pageId":"page@757f4f0249d7f8a50573a04e76c657e0","sha1":"page@757f4f0249d7f8a50573a04e76c657e0-1770219058398.jpeg","width":390,"height":844,"timestamp":3389541.095,"frameSwapWallTime":1770219058395.877}
{"type":"console","messageType":"log","text":"[Fast Refresh] rebuilding","args":[{"preview":"[Fast Refresh] rebuilding","value":"[Fast Refresh] rebuilding"}],"location":{"url":"http://localhost:3000/_next/static/chunks/fc97a_next_dist_client_260848._.js","lineNumber":12393,"columnNumber":24},"time":3389555.733,"pageId":"page@757f4f0249d7f8a50573a04e76c657e0"}
{"type":"console","messageType":"log","text":"[Fast Refresh] rebuilding","args":[{"preview":"[Fast Refresh] rebuilding","value":"[Fast Refresh] rebuilding"}],"location":{"url":"http://localhost:3000/_next/static/chunks/fc97a_next_dist_client_260848._.js","lineNumber":12393,"columnNumber":24},"time":3389678.416,"pageId":"page@757f4f0249d7f8a50573a04e76c657e0"}
{"type":"console","messageType":"log","text":"[Fast Refresh] rebuilding","args":[{"preview":"[Fast Refresh] rebuilding","value":"[Fast Refresh] rebuilding"}],"location":{"url":"http://localhost:3000/_next/static/chunks/fc97a_next_dist_client_260848._.js","lineNumber":12393,"columnNumber":24},"time":3389742.77,"pageId":"page@757f4f0249d7f8a50573a04e76c657e0"}
{"type":"screencast-frame","pageId":"page@757f4f0249d7f8a50573a04e76c657e0","sha1":"page@757f4f0249d7f8a50573a04e76c657e0-1770219060721.jpeg","width":390,"height":844,"timestamp":3391864.72,"frameSwapWallTime":1770219060718.519}
{"type":"screencast-frame","pageId":"page@757f4f0249d7f8a50573a04e76c657e0","sha1":"page@757f4f0249d7f8a50573a04e76c657e0-1770219060763.jpeg","width":390,"height":844,"timestamp":3391906.219,"frameSwapWallTime":1770219060760.8982}
{"type":"screencast-frame","pageId":"page@757f4f0249d7f8a50573a04e76c657e0","sha1":"page@757f4f0249d7f8a50573a04e76c657e0-1770219060812.jpeg","width":390,"height":844,"timestamp":3391954.871,"frameSwapWallTime":1770219060809.8928}
{"type":"screencast-frame","pageId":"page@757f4f0249d7f8a50573a04e76c657e0","sha1":"page@757f4f0249d7f8a50573a04e76c657e0-1770219060862.jpeg","width":390,"height":844,"timestamp":3392004.923,"frameSwapWallTime":1770219060859.957}
{"type":"screencast-frame","pageId":"page@757f4f0249d7f8a50573a04e76c657e0","sha1":"page@757f4f0249d7f8a50573a04e76c657e0-1770219061004.jpeg","width":390,"height":844,"timestamp":3392147.194,"frameSwapWallTime":1770219061002.1418}
{"type":"screencast-frame","pageId":"page@757f4f0249d7f8a50573a04e76c657e0","sha1":"page@757f4f0249d7f8a50573a04e76c657e0-1770219063713.jpeg","width":390,"height":844,"timestamp":3394856.201,"frameSwapWallTime":1770219063710.4832}
{"type":"screencast-frame","pageId":"page@757f4f0249d7f8a50573a04e76c657e0","sha1":"page@757f4f0249d7f8a50573a04e76c657e0-1770219063753.jpeg","width":390,"height":844,"timestamp":3394895.96,"frameSwapWallTime":1770219063751.041}
{"type":"screencast-frame","pageId":"page@757f4f0249d7f8a50573a04e76c657e0","sha1":"page@757f4f0249d7f8a50573a04e76c657e0-1770219063800.jpeg","width":390,"height":844,"timestamp":3394943.581,"frameSwapWallTime":1770219063798.6309}
{"type":"screencast-frame","pageId":"page@757f4f0249d7f8a50573a04e76c657e0","sha1":"page@757f4f0249d7f8a50573a04e76c657e0-1770219063847.jpeg","width":390,"height":844,"timestamp":3394990.52,"frameSwapWallTime":1770219063845.4348}
{"type":"screencast-frame","pageId":"page@757f4f0249d7f8a50573a04e76c657e0","sha1":"page@757f4f0249d7f8a50573a04e76c657e0-1770219064041.jpeg","width":390,"height":844,"timestamp":3395184.147,"frameSwapWallTime":1770219064039.25}
{"type":"screencast-frame","pageId":"page@757f4f0249d7f8a50573a04e76c657e0","sha1":"page@757f4f0249d7f8a50573a04e76c657e0-1770219066700.jpeg","width":390,"height":844,"timestamp":3397842.973,"frameSwapWallTime":1770219066697.664}
{"type":"screencast-frame","pageId":"page@757f4f0249d7f8a50573a04e76c657e0","sha1":"page@757f4f0249d7f8a50573a04e76c657e0-1770219066751.jpeg","width":390,"height":844,"timestamp":3397894.588,"frameSwapWallTime":1770219066749.788}
{"type":"screencast-frame","pageId":"page@757f4f0249d7f8a50573a04e76c657e0","sha1":"page@757f4f0249d7f8a50573a04e76c657e0-1770219066798.jpeg","width":390,"height":844,"timestamp":3397941.015,"frameSwapWallTime":1770219066796.109}
{"type":"screencast-frame","pageId":"page@757f4f0249d7f8a50573a04e76c657e0","sha1":"page@757f4f0249d7f8a50573a04e76c657e0-1770219066844.jpeg","width":390,"height":844,"timestamp":3397987.029,"frameSwapWallTime":1770219066842.165}
{"type":"screencast-frame","pageId":"page@757f4f0249d7f8a50573a04e76c657e0","sha1":"page@757f4f0249d7f8a50573a04e76c657e0-1770219067029.jpeg","width":390,"height":844,"timestamp":3398172.12,"frameSwapWallTime":1770219067027.15}
{"type":"screencast-frame","pageId":"page@757f4f0249d7f8a50573a04e76c657e0","sha1":"page@757f4f0249d7f8a50573a04e76c657e0-1770219069753.jpeg","width":390,"height":844,"timestamp":3400896.569,"frameSwapWallTime":1770219069750.924}
{"type":"screencast-frame","pageId":"page@757f4f0249d7f8a50573a04e76c657e0","sha1":"page@757f4f0249d7f8a50573a04e76c657e0-1770219069888.jpeg","width":390,"height":844,"timestamp":3401031.354,"frameSwapWallTime":1770219069885.8608}
{"type":"screencast-frame","pageId":"page@757f4f0249d7f8a50573a04e76c657e0","sha1":"page@757f4f0249d7f8a50573a04e76c657e0-1770219069936.jpeg","width":390,"height":844,"timestamp":3401079.025,"frameSwapWallTime":1770219069933.9868}
{"type":"screencast-frame","pageId":"page@757f4f0249d7f8a50573a04e76c657e0","sha1":"page@757f4f0249d7f8a50573a04e76c657e0-1770219070004.jpeg","width":390,"height":844,"timestamp":3401147.676,"frameSwapWallTime":1770219070002.6208}
{"type":"screencast-frame","pageId":"page@757f4f0249d7f8a50573a04e76c657e0","sha1":"page@757f4f0249d7f8a50573a04e76c657e0-1770219070094.jpeg","width":390,"height":844,"timestamp":3401236.876,"frameSwapWallTime":1770219070086.606}
{"type":"screencast-frame","pageId":"page@757f4f0249d7f8a50573a04e76c657e0","sha1":"page@757f4f0249d7f8a50573a04e76c657e0-1770219072712.jpeg","width":390,"height":844,"timestamp":3403854.805,"frameSwapWallTime":1770219072709.338}
{"type":"screencast-frame","pageId":"page@757f4f0249d7f8a50573a04e76c657e0","sha1":"page@757f4f0249d7f8a50573a04e76c657e0-1770219072772.jpeg","width":390,"height":844,"timestamp":3403915.069,"frameSwapWallTime":1770219072769.355}
{"type":"screencast-frame","pageId":"page@757f4f0249d7f8a50573a04e76c657e0","sha1":"page@757f4f0249d7f8a50573a04e76c657e0-1770219072825.jpeg","width":390,"height":844,"timestamp":3403967.795,"frameSwapWallTime":1770219072822.084}
{"type":"screencast-frame","pageId":"page@757f4f0249d7f8a50573a04e76c657e0","sha1":"page@757f4f0249d7f8a50573a04e76c657e0-1770219072884.jpeg","width":390,"height":844,"timestamp":3404026.843,"frameSwapWallTime":1770219072881.0771}
{"type":"screencast-frame","pageId":"page@757f4f0249d7f8a50573a04e76c657e0","sha1":"page@757f4f0249d7f8a50573a04e76c657e0-1770219073066.jpeg","width":390,"height":844,"timestamp":3404208.947,"frameSwapWallTime":1770219073063.894}
{"type":"screencast-frame","pageId":"page@757f4f0249d7f8a50573a04e76c657e0","sha1":"page@757f4f0249d7f8a50573a04e76c657e0-1770219075731.jpeg","width":390,"height":844,"timestamp":3406873.902,"frameSwapWallTime":1770219075727.155}
{"type":"screencast-frame","pageId":"page@757f4f0249d7f8a50573a04e76c657e0","sha1":"page@757f4f0249d7f8a50573a04e76c657e0-1770219075773.jpeg","width":390,"height":844,"timestamp":3406915.902,"frameSwapWallTime":1770219075770.992}
{"type":"screencast-frame","pageId":"page@757f4f0249d7f8a50573a04e76c657e0","sha1":"page@757f4f0249d7f8a50573a04e76c657e0-1770219075822.jpeg","width":390,"height":844,"timestamp":3406965.565,"frameSwapWallTime":1770219075820.69}
{"type":"screencast-frame","pageId":"page@757f4f0249d7f8a50573a04e76c657e0","sha1":"page@757f4f0249d7f8a50573a04e76c657e0-1770219075875.jpeg","width":390,"height":844,"timestamp":3407018.169,"frameSwapWallTime":1770219075871.939}
{"type":"screencast-frame","pageId":"page@757f4f0249d7f8a50573a04e76c657e0","sha1":"page@757f4f0249d7f8a50573a04e76c657e0-1770219076071.jpeg","width":390,"height":844,"timestamp":3407214.289,"frameSwapWallTime":1770219076069.303}
{"type":"screencast-frame","pageId":"page@757f4f0249d7f8a50573a04e76c657e0","sha1":"page@757f4f0249d7f8a50573a04e76c657e0-1770219078716.jpeg","width":390,"height":844,"timestamp":3409859.008,"frameSwapWallTime":1770219078713.646}
{"type":"screencast-frame","pageId":"page@757f4f0249d7f8a50573a04e76c657e0","sha1":"page@757f4f0249d7f8a50573a04e76c657e0-1770219078767.jpeg","width":390,"height":844,"timestamp":3409910.528,"frameSwapWallTime":1770219078765.665}
{"type":"screencast-frame","pageId":"page@757f4f0249d7f8a50573a04e76c657e0","sha1":"page@757f4f0249d7f8a50573a04e76c657e0-1770219078814.jpeg","width":390,"height":844,"timestamp":3409957.473,"frameSwapWallTime":1770219078812.693}
{"type":"screencast-frame","pageId":"page@757f4f0249d7f8a50573a04e76c657e0","sha1":"page@757f4f0249d7f8a50573a04e76c657e0-1770219078859.jpeg","width":390,"height":844,"timestamp":3410002.417,"frameSwapWallTime":1770219078857.5662}
{"type":"screencast-frame","pageId":"page@757f4f0249d7f8a50573a04e76c657e0","sha1":"page@757f4f0249d7f8a50573a04e76c657e0-1770219079105.jpeg","width":390,"height":844,"timestamp":3410248.565,"frameSwapWallTime":1770219079103.678}
{"type":"screencast-frame","pageId":"page@757f4f0249d7f8a50573a04e76c657e0","sha1":"page@757f4f0249d7f8a50573a04e76c657e0-1770219081724.jpeg","width":390,"height":844,"timestamp":3412867.431,"frameSwapWallTime":1770219081719.671}
{"type":"screencast-frame","pageId":"page@757f4f0249d7f8a50573a04e76c657e0","sha1":"page@757f4f0249d7f8a50573a04e76c657e0-1770219081762.jpeg","width":390,"height":844,"timestamp":3412905.13,"frameSwapWallTime":1770219081760.179}
{"type":"screencast-frame","pageId":"page@757f4f0249d7f8a50573a04e76c657e0","sha1":"page@757f4f0249d7f8a50573a04e76c657e0-1770219081809.jpeg","width":390,"height":844,"timestamp":3412952.028,"frameSwapWallTime":1770219081807.23}
{"type":"screencast-frame","pageId":"page@757f4f0249d7f8a50573a04e76c657e0","sha1":"page@757f4f0249d7f8a50573a04e76c657e0-1770219081903.jpeg","width":390,"height":844,"timestamp":3413045.844,"frameSwapWallTime":1770219081901.0051}
{"type":"screencast-frame","pageId":"page@757f4f0249d7f8a50573a04e76c657e0","sha1":"page@757f4f0249d7f8a50573a04e76c657e0-1770219082093.jpeg","width":390,"height":844,"timestamp":3413235.959,"frameSwapWallTime":1770219082090.873}
{"type":"screencast-frame","pageId":"page@757f4f0249d7f8a50573a04e76c657e0","sha1":"page@757f4f0249d7f8a50573a04e76c657e0-1770219084800.jpeg","width":390,"height":844,"timestamp":3415942.849,"frameSwapWallTime":1770219084795.779}
{"type":"screencast-frame","pageId":"page@757f4f0249d7f8a50573a04e76c657e0","sha1":"page@757f4f0249d7f8a50573a04e76c657e0-1770219084871.jpeg","width":390,"height":844,"timestamp":3416014.443,"frameSwapWallTime":1770219084869.612}
{"type":"screencast-frame","pageId":"page@757f4f0249d7f8a50573a04e76c657e0","sha1":"page@757f4f0249d7f8a50573a04e76c657e0-1770219084919.jpeg","width":390,"height":844,"timestamp":3416061.979,"frameSwapWallTime":1770219084917.261}
{"type":"screencast-frame","pageId":"page@757f4f0249d7f8a50573a04e76c657e0","sha1":"page@757f4f0249d7f8a50573a04e76c657e0-1770219084984.jpeg","width":390,"height":844,"timestamp":3416127.149,"frameSwapWallTime":1770219084982.416}
{"type":"screencast-frame","pageId":"page@757f4f0249d7f8a50573a04e76c657e0","sha1":"page@757f4f0249d7f8a50573a04e76c657e0-1770219085126.jpeg","width":390,"height":844,"timestamp":3416268.891,"frameSwapWallTime":1770219085124.017}
{"type":"screencast-frame","pageId":"page@757f4f0249d7f8a50573a04e76c657e0","sha1":"page@757f4f0249d7f8a50573a04e76c657e0-1770219087724.jpeg","width":390,"height":844,"timestamp":3418866.982,"frameSwapWallTime":1770219087720.793}
{"type":"screencast-frame","pageId":"page@757f4f0249d7f8a50573a04e76c657e0","sha1":"page@757f4f0249d7f8a50573a04e76c657e0-1770219087766.jpeg","width":390,"height":844,"timestamp":3418909.122,"frameSwapWallTime":1770219087764.036}
{"type":"screencast-frame","pageId":"page@757f4f0249d7f8a50573a04e76c657e0","sha1":"page@757f4f0249d7f8a50573a04e76c657e0-1770219087815.jpeg","width":390,"height":844,"timestamp":3418958.167,"frameSwapWallTime":1770219087812.9758}
{"type":"screencast-frame","pageId":"page@757f4f0249d7f8a50573a04e76c657e0","sha1":"page@757f4f0249d7f8a50573a04e76c657e0-1770219087936.jpeg","width":390,"height":844,"timestamp":3419078.946,"frameSwapWallTime":1770219087933.807}
{"type":"screencast-frame","pageId":"page@757f4f0249d7f8a50573a04e76c657e0","sha1":"page@757f4f0249d7f8a50573a04e76c657e0-1770219090715.jpeg","width":390,"height":844,"timestamp":3421858.089,"frameSwapWallTime":1770219090712.398}
{"type":"screencast-frame","pageId":"page@757f4f0249d7f8a50573a04e76c657e0","sha1":"page@757f4f0249d7f8a50573a04e76c657e0-1770219090764.jpeg","width":390,"height":844,"timestamp":3421907.134,"frameSwapWallTime":1770219090762.4}
{"type":"screencast-frame","pageId":"page@757f4f0249d7f8a50573a04e76c657e0","sha1":"page@757f4f0249d7f8a50573a04e76c657e0-1770219090825.jpeg","width":390,"height":844,"timestamp":3421967.73,"frameSwapWallTime":1770219090822.969}
{"type":"screencast-frame","pageId":"page@757f4f0249d7f8a50573a04e76c657e0","sha1":"page@757f4f0249d7f8a50573a04e76c657e0-1770219090920.jpeg","width":390,"height":844,"timestamp":3422062.98,"frameSwapWallTime":1770219090918.302}
{"type":"screencast-frame","pageId":"page@757f4f0249d7f8a50573a04e76c657e0","sha1":"page@757f4f0249d7f8a50573a04e76c657e0-1770219091154.jpeg","width":390,"height":844,"timestamp":3422297.163,"frameSwapWallTime":1770219091152.492}
{"type":"screencast-frame","pageId":"page@757f4f0249d7f8a50573a04e76c657e0","sha1":"page@757f4f0249d7f8a50573a04e76c657e0-1770219093716.jpeg","width":390,"height":844,"timestamp":3424859.452,"frameSwapWallTime":1770219093714.238}
{"type":"screencast-frame","pageId":"page@757f4f0249d7f8a50573a04e76c657e0","sha1":"page@757f4f0249d7f8a50573a04e76c657e0-1770219093768.jpeg","width":390,"height":844,"timestamp":3424911.168,"frameSwapWallTime":1770219093766.288}
{"type":"screencast-frame","pageId":"page@757f4f0249d7f8a50573a04e76c657e0","sha1":"page@757f4f0249d7f8a50573a04e76c657e0-1770219093813.jpeg","width":390,"height":844,"timestamp":3424956.432,"frameSwapWallTime":1770219093811.645}
{"type":"screencast-frame","pageId":"page@757f4f0249d7f8a50573a04e76c657e0","sha1":"page@757f4f0249d7f8a50573a04e76c657e0-1770219093860.jpeg","width":390,"height":844,"timestamp":3425002.94,"frameSwapWallTime":1770219093858.276}
{"type":"screencast-frame","pageId":"page@757f4f0249d7f8a50573a04e76c657e0","sha1":"page@757f4f0249d7f8a50573a04e76c657e0-1770219093956.jpeg","width":390,"height":844,"timestamp":3425099.326,"frameSwapWallTime":1770219093954.47}
{"type":"screencast-frame","pageId":"page@757f4f0249d7f8a50573a04e76c657e0","sha1":"page@757f4f0249d7f8a50573a04e76c657e0-1770219094153.jpeg","width":390,"height":844,"timestamp":3425295.803,"frameSwapWallTime":1770219094151.023}
{"type":"screencast-frame","pageId":"page@757f4f0249d7f8a50573a04e76c657e0","sha1":"page@757f4f0249d7f8a50573a04e76c657e0-1770219096722.jpeg","width":390,"height":844,"timestamp":3427864.858,"frameSwapWallTime":1770219096719.9731}
{"type":"screencast-frame","pageId":"page@757f4f0249d7f8a50573a04e76c657e0","sha1":"page@757f4f0249d7f8a50573a04e76c657e0-1770219096761.jpeg","width":390,"height":844,"timestamp":3427903.943,"frameSwapWallTime":1770219096759.258}
{"type":"screencast-frame","pageId":"page@757f4f0249d7f8a50573a04e76c657e0","sha1":"page@757f4f0249d7f8a50573a04e76c657e0-1770219096807.jpeg","width":390,"height":844,"timestamp":3427950.396,"frameSwapWallTime":1770219096805.609}
{"type":"screencast-frame","pageId":"page@757f4f0249d7f8a50573a04e76c657e0","sha1":"page@757f4f0249d7f8a50573a04e76c657e0-1770219096855.jpeg","width":390,"height":844,"timestamp":3427997.725,"frameSwapWallTime":1770219096852.849}
{"type":"screencast-frame","pageId":"page@757f4f0249d7f8a50573a04e76c657e0","sha1":"page@757f4f0249d7f8a50573a04e76c657e0-1770219096948.jpeg","width":390,"height":844,"timestamp":3428091.287,"frameSwapWallTime":1770219096946.523}
{"type":"screencast-frame","pageId":"page@757f4f0249d7f8a50573a04e76c657e0","sha1":"page@757f4f0249d7f8a50573a04e76c657e0-1770219099799.jpeg","width":390,"height":844,"timestamp":3430942.231,"frameSwapWallTime":1770219099795.1208}
{"type":"screencast-frame","pageId":"page@757f4f0249d7f8a50573a04e76c657e0","sha1":"page@757f4f0249d7f8a50573a04e76c657e0-1770219099866.jpeg","width":390,"height":844,"timestamp":3431008.578,"frameSwapWallTime":1770219099863.752}
{"type":"screencast-frame","pageId":"page@757f4f0249d7f8a50573a04e76c657e0","sha1":"page@757f4f0249d7f8a50573a04e76c657e0-1770219099912.jpeg","width":390,"height":844,"timestamp":3431055.122,"frameSwapWallTime":1770219099910.369}
{"type":"screencast-frame","pageId":"page@757f4f0249d7f8a50573a04e76c657e0","sha1":"page@757f4f0249d7f8a50573a04e76c657e0-1770219099958.jpeg","width":390,"height":844,"timestamp":3431101.396,"frameSwapWallTime":1770219099956.4421}
{"type":"screencast-frame","pageId":"page@757f4f0249d7f8a50573a04e76c657e0","sha1":"page@757f4f0249d7f8a50573a04e76c657e0-1770219100175.jpeg","width":390,"height":844,"timestamp":3431318.378,"frameSwapWallTime":1770219100173.729}
{"type":"screencast-frame","pageId":"page@757f4f0249d7f8a50573a04e76c657e0","sha1":"page@757f4f0249d7f8a50573a04e76c657e0-1770219102712.jpeg","width":390,"height":844,"timestamp":3433854.657,"frameSwapWallTime":1770219102709.5808}
{"type":"screencast-frame","pageId":"page@757f4f0249d7f8a50573a04e76c657e0","sha1":"page@757f4f0249d7f8a50573a04e76c657e0-1770219102760.jpeg","width":390,"height":844,"timestamp":3433903.409,"frameSwapWallTime":1770219102758.5708}
{"type":"screencast-frame","pageId":"page@757f4f0249d7f8a50573a04e76c657e0","sha1":"page@757f4f0249d7f8a50573a04e76c657e0-1770219102806.jpeg","width":390,"height":844,"timestamp":3433948.612,"frameSwapWallTime":1770219102803.969}
{"type":"screencast-frame","pageId":"page@757f4f0249d7f8a50573a04e76c657e0","sha1":"page@757f4f0249d7f8a50573a04e76c657e0-1770219102853.jpeg","width":390,"height":844,"timestamp":3433996.18,"frameSwapWallTime":1770219102851.564}
{"type":"screencast-frame","pageId":"page@757f4f0249d7f8a50573a04e76c657e0","sha1":"page@757f4f0249d7f8a50573a04e76c657e0-1770219102995.jpeg","width":390,"height":844,"timestamp":3434138.206,"frameSwapWallTime":1770219102993.578}
{"type":"screencast-frame","pageId":"page@757f4f0249d7f8a50573a04e76c657e0","sha1":"page@757f4f0249d7f8a50573a04e76c657e0-1770219105724.jpeg","width":390,"height":844,"timestamp":3436867.406,"frameSwapWallTime":1770219105722.167}
{"type":"screencast-frame","pageId":"page@757f4f0249d7f8a50573a04e76c657e0","sha1":"page@757f4f0249d7f8a50573a04e76c657e0-1770219105776.jpeg","width":390,"height":844,"timestamp":3436919.147,"frameSwapWallTime":1770219105774.22}
{"type":"screencast-frame","pageId":"page@757f4f0249d7f8a50573a04e76c657e0","sha1":"page@757f4f0249d7f8a50573a04e76c657e0-1770219105822.jpeg","width":390,"height":844,"timestamp":3436965.247,"frameSwapWallTime":1770219105820.521}
{"type":"screencast-frame","pageId":"page@757f4f0249d7f8a50573a04e76c657e0","sha1":"page@757f4f0249d7f8a50573a04e76c657e0-1770219105880.jpeg","width":390,"height":844,"timestamp":3437022.68,"frameSwapWallTime":1770219105877.876}
{"type":"screencast-frame","pageId":"page@757f4f0249d7f8a50573a04e76c657e0","sha1":"page@757f4f0249d7f8a50573a04e76c657e0-1770219106020.jpeg","width":390,"height":844,"timestamp":3437163.507,"frameSwapWallTime":1770219106018.522}
{"type":"screencast-frame","pageId":"page@757f4f0249d7f8a50573a04e76c657e0","sha1":"page@757f4f0249d7f8a50573a04e76c657e0-1770219108720.jpeg","width":390,"height":844,"timestamp":3439863.063,"frameSwapWallTime":1770219108717.5068}
{"type":"screencast-frame","pageId":"page@757f4f0249d7f8a50573a04e76c657e0","sha1":"page@757f4f0249d7f8a50573a04e76c657e0-1770219108771.jpeg","width":390,"height":844,"timestamp":3439914.166,"frameSwapWallTime":1770219108769.495}
{"type":"screencast-frame","pageId":"page@757f4f0249d7f8a50573a04e76c657e0","sha1":"page@757f4f0249d7f8a50573a04e76c657e0-1770219108819.jpeg","width":390,"height":844,"timestamp":3439962.174,"frameSwapWallTime":1770219108817.3289}
{"type":"screencast-frame","pageId":"page@757f4f0249d7f8a50573a04e76c657e0","sha1":"page@757f4f0249d7f8a50573a04e76c657e0-1770219108867.jpeg","width":390,"height":844,"timestamp":3440010.508,"frameSwapWallTime":1770219108865.705}
{"type":"screencast-frame","pageId":"page@757f4f0249d7f8a50573a04e76c657e0","sha1":"page@757f4f0249d7f8a50573a04e76c657e0-1770219109008.jpeg","width":390,"height":844,"timestamp":3440151.384,"frameSwapWallTime":1770219109006.782}
{"type":"screencast-frame","pageId":"page@757f4f0249d7f8a50573a04e76c657e0","sha1":"page@757f4f0249d7f8a50573a04e76c657e0-1770219111740.jpeg","width":390,"height":844,"timestamp":3442882.739,"frameSwapWallTime":1770219111737.252}
{"type":"screencast-frame","pageId":"page@757f4f0249d7f8a50573a04e76c657e0","sha1":"page@757f4f0249d7f8a50573a04e76c657e0-1770219111780.jpeg","width":390,"height":844,"timestamp":3442923.368,"frameSwapWallTime":1770219111778.493}
{"type":"screencast-frame","pageId":"page@757f4f0249d7f8a50573a04e76c657e0","sha1":"page@757f4f0249d7f8a50573a04e76c657e0-1770219111826.jpeg","width":390,"height":844,"timestamp":3442969.343,"frameSwapWallTime":1770219111824.6008}
{"type":"screencast-frame","pageId":"page@757f4f0249d7f8a50573a04e76c657e0","sha1":"page@757f4f0249d7f8a50573a04e76c657e0-1770219111873.jpeg","width":390,"height":844,"timestamp":3443016.239,"frameSwapWallTime":1770219111871.6619}
{"type":"screencast-frame","pageId":"page@757f4f0249d7f8a50573a04e76c657e0","sha1":"page@757f4f0249d7f8a50573a04e76c657e0-1770219112055.jpeg","width":390,"height":844,"timestamp":3443198.089,"frameSwapWallTime":1770219112053.505}
{"type":"screencast-frame","pageId":"page@757f4f0249d7f8a50573a04e76c657e0","sha1":"page@757f4f0249d7f8a50573a04e76c657e0-1770219114765.jpeg","width":390,"height":844,"timestamp":3445908.143,"frameSwapWallTime":1770219114762.254}
{"type":"screencast-frame","pageId":"page@757f4f0249d7f8a50573a04e76c657e0","sha1":"page@757f4f0249d7f8a50573a04e76c657e0-1770219114865.jpeg","width":390,"height":844,"timestamp":3446008.237,"frameSwapWallTime":1770219114863.608}
{"type":"screencast-frame","pageId":"page@757f4f0249d7f8a50573a04e76c657e0","sha1":"page@757f4f0249d7f8a50573a04e76c657e0-1770219114910.jpeg","width":390,"height":844,"timestamp":3446053.184,"frameSwapWallTime":1770219114908.698}
{"type":"screencast-frame","pageId":"page@757f4f0249d7f8a50573a04e76c657e0","sha1":"page@757f4f0249d7f8a50573a04e76c657e0-1770219114955.jpeg","width":390,"height":844,"timestamp":3446098.246,"frameSwapWallTime":1770219114953.65}
{"type":"screencast-frame","pageId":"page@757f4f0249d7f8a50573a04e76c657e0","sha1":"page@757f4f0249d7f8a50573a04e76c657e0-1770219115054.jpeg","width":390,"height":844,"timestamp":3446197.336,"frameSwapWallTime":1770219115052.7551}
{"type":"screencast-frame","pageId":"page@757f4f0249d7f8a50573a04e76c657e0","sha1":"page@757f4f0249d7f8a50573a04e76c657e0-1770219117716.jpeg","width":390,"height":844,"timestamp":3448858.689,"frameSwapWallTime":1770219117713.571}
{"type":"screencast-frame","pageId":"page@757f4f0249d7f8a50573a04e76c657e0","sha1":"page@757f4f0249d7f8a50573a04e76c657e0-1770219117754.jpeg","width":390,"height":844,"timestamp":3448897.046,"frameSwapWallTime":1770219117752.2432}
{"type":"screencast-frame","pageId":"page@757f4f0249d7f8a50573a04e76c657e0","sha1":"page@757f4f0249d7f8a50573a04e76c657e0-1770219117800.jpeg","width":390,"height":844,"timestamp":3448942.469,"frameSwapWallTime":1770219117797.861}
{"type":"screencast-frame","pageId":"page@757f4f0249d7f8a50573a04e76c657e0","sha1":"page@757f4f0249d7f8a50573a04e76c657e0-1770219117846.jpeg","width":390,"height":844,"timestamp":3448988.798,"frameSwapWallTime":1770219117844.101}
{"type":"screencast-frame","pageId":"page@757f4f0249d7f8a50573a04e76c657e0","sha1":"page@757f4f0249d7f8a50573a04e76c657e0-1770219118053.jpeg","width":390,"height":844,"timestamp":3449195.698,"frameSwapWallTime":1770219118051.039}
{"type":"screencast-frame","pageId":"page@757f4f0249d7f8a50573a04e76c657e0","sha1":"page@757f4f0249d7f8a50573a04e76c657e0-1770219120718.jpeg","width":390,"height":844,"timestamp":3451860.918,"frameSwapWallTime":1770219120715.468}
{"type":"screencast-frame","pageId":"page@757f4f0249d7f8a50573a04e76c657e0","sha1":"page@757f4f0249d7f8a50573a04e76c657e0-1770219120756.jpeg","width":390,"height":844,"timestamp":3451899.041,"frameSwapWallTime":1770219120754.3718}
{"type":"screencast-frame","pageId":"page@757f4f0249d7f8a50573a04e76c657e0","sha1":"page@757f4f0249d7f8a50573a04e76c657e0-1770219120805.jpeg","width":390,"height":844,"timestamp":3451947.516,"frameSwapWallTime":1770219120802.5142}
{"type":"screencast-frame","pageId":"page@757f4f0249d7f8a50573a04e76c657e0","sha1":"page@757f4f0249d7f8a50573a04e76c657e0-1770219120900.jpeg","width":390,"height":844,"timestamp":3452042.458,"frameSwapWallTime":1770219120896.225}
{"type":"screencast-frame","pageId":"page@757f4f0249d7f8a50573a04e76c657e0","sha1":"page@757f4f0249d7f8a50573a04e76c657e0-1770219121091.jpeg","width":390,"height":844,"timestamp":3452234.198,"frameSwapWallTime":1770219121089.61}
{"type":"screencast-frame","pageId":"page@757f4f0249d7f8a50573a04e76c657e0","sha1":"page@757f4f0249d7f8a50573a04e76c657e0-1770219123725.jpeg","width":390,"height":844,"timestamp":3454868.091,"frameSwapWallTime":1770219123722.9258}
{"type":"screencast-frame","pageId":"page@757f4f0249d7f8a50573a04e76c657e0","sha1":"page@757f4f0249d7f8a50573a04e76c657e0-1770219123764.jpeg","width":390,"height":844,"timestamp":3454906.949,"frameSwapWallTime":1770219123762.068}
{"type":"screencast-frame","pageId":"page@757f4f0249d7f8a50573a04e76c657e0","sha1":"page@757f4f0249d7f8a50573a04e76c657e0-1770219123810.jpeg","width":390,"height":844,"timestamp":3454953.279,"frameSwapWallTime":1770219123808.744}
{"type":"screencast-frame","pageId":"page@757f4f0249d7f8a50573a04e76c657e0","sha1":"page@757f4f0249d7f8a50573a04e76c657e0-1770219123901.jpeg","width":390,"height":844,"timestamp":3455043.642,"frameSwapWallTime":1770219123899.099}
{"type":"screencast-frame","pageId":"page@757f4f0249d7f8a50573a04e76c657e0","sha1":"page@757f4f0249d7f8a50573a04e76c657e0-1770219124078.jpeg","width":390,"height":844,"timestamp":3455221.378,"frameSwapWallTime":1770219124076.7761}
{"type":"screencast-frame","pageId":"page@757f4f0249d7f8a50573a04e76c657e0","sha1":"page@757f4f0249d7f8a50573a04e76c657e0-1770219126715.jpeg","width":390,"height":844,"timestamp":3457858.012,"frameSwapWallTime":1770219126713.276}
{"type":"screencast-frame","pageId":"page@757f4f0249d7f8a50573a04e76c657e0","sha1":"page@757f4f0249d7f8a50573a04e76c657e0-1770219126763.jpeg","width":390,"height":844,"timestamp":3457906.281,"frameSwapWallTime":1770219126761.6511}
{"type":"screencast-frame","pageId":"page@757f4f0249d7f8a50573a04e76c657e0","sha1":"page@757f4f0249d7f8a50573a04e76c657e0-1770219126818.jpeg","width":390,"height":844,"timestamp":3457960.966,"frameSwapWallTime":1770219126816.414}
{"type":"screencast-frame","pageId":"page@757f4f0249d7f8a50573a04e76c657e0","sha1":"page@757f4f0249d7f8a50573a04e76c657e0-1770219126920.jpeg","width":390,"height":844,"timestamp":3458062.41,"frameSwapWallTime":1770219126917.666}
{"type":"screencast-frame","pageId":"page@757f4f0249d7f8a50573a04e76c657e0","sha1":"page@757f4f0249d7f8a50573a04e76c657e0-1770219127099.jpeg","width":390,"height":844,"timestamp":3458241.483,"frameSwapWallTime":1770219127096.951}
{"type":"screencast-frame","pageId":"page@757f4f0249d7f8a50573a04e76c657e0","sha1":"page@757f4f0249d7f8a50573a04e76c657e0-1770219129772.jpeg","width":390,"height":844,"timestamp":3460914.7,"frameSwapWallTime":1770219129767.0479}
{"type":"screencast-frame","pageId":"page@757f4f0249d7f8a50573a04e76c657e0","sha1":"page@757f4f0249d7f8a50573a04e76c657e0-1770219129865.jpeg","width":390,"height":844,"timestamp":3461007.457,"frameSwapWallTime":1770219129862.8672}
{"type":"screencast-frame","pageId":"page@757f4f0249d7f8a50573a04e76c657e0","sha1":"page@757f4f0249d7f8a50573a04e76c657e0-1770219129911.jpeg","width":390,"height":844,"timestamp":3461054.22,"frameSwapWallTime":1770219129909.72}
{"type":"screencast-frame","pageId":"page@757f4f0249d7f8a50573a04e76c657e0","sha1":"page@757f4f0249d7f8a50573a04e76c657e0-1770219129962.jpeg","width":390,"height":844,"timestamp":3461104.5,"frameSwapWallTime":1770219129959.951}
{"type":"screencast-frame","pageId":"page@757f4f0249d7f8a50573a04e76c657e0","sha1":"page@757f4f0249d7f8a50573a04e76c657e0-1770219130125.jpeg","width":390,"height":844,"timestamp":3461267.921,"frameSwapWallTime":1770219130123.44}
{"type":"screencast-frame","pageId":"page@757f4f0249d7f8a50573a04e76c657e0","sha1":"page@757f4f0249d7f8a50573a04e76c657e0-1770219132723.jpeg","width":390,"height":844,"timestamp":3463865.963,"frameSwapWallTime":1770219132721.0469}
{"type":"screencast-frame","pageId":"page@757f4f0249d7f8a50573a04e76c657e0","sha1":"page@757f4f0249d7f8a50573a04e76c657e0-1770219132762.jpeg","width":390,"height":844,"timestamp":3463905.216,"frameSwapWallTime":1770219132760.624}
{"type":"screencast-frame","pageId":"page@757f4f0249d7f8a50573a04e76c657e0","sha1":"page@757f4f0249d7f8a50573a04e76c657e0-1770219132811.jpeg","width":390,"height":844,"timestamp":3463953.518,"frameSwapWallTime":1770219132809.0178}
{"type":"screencast-frame","pageId":"page@757f4f0249d7f8a50573a04e76c657e0","sha1":"page@757f4f0249d7f8a50573a04e76c657e0-1770219132953.jpeg","width":390,"height":844,"timestamp":3464095.716,"frameSwapWallTime":1770219132951.219}
{"type":"screencast-frame","pageId":"page@757f4f0249d7f8a50573a04e76c657e0","sha1":"page@757f4f0249d7f8a50573a04e76c657e0-1770219133138.jpeg","width":390,"height":844,"timestamp":3464280.387,"frameSwapWallTime":1770219133135.662}
{"type":"screencast-frame","pageId":"page@757f4f0249d7f8a50573a04e76c657e0","sha1":"page@757f4f0249d7f8a50573a04e76c657e0-1770219135724.jpeg","width":390,"height":844,"timestamp":3466866.684,"frameSwapWallTime":1770219135721.7168}
{"type":"screencast-frame","pageId":"page@757f4f0249d7f8a50573a04e76c657e0","sha1":"page@757f4f0249d7f8a50573a04e76c657e0-1770219135763.jpeg","width":390,"height":844,"timestamp":3466905.893,"frameSwapWallTime":1770219135761.2}
{"type":"screencast-frame","pageId":"page@757f4f0249d7f8a50573a04e76c657e0","sha1":"page@757f4f0249d7f8a50573a04e76c657e0-1770219135809.jpeg","width":390,"height":844,"timestamp":3466952.252,"frameSwapWallTime":1770219135807.7878}
{"type":"screencast-frame","pageId":"page@757f4f0249d7f8a50573a04e76c657e0","sha1":"page@757f4f0249d7f8a50573a04e76c657e0-1770219135933.jpeg","width":390,"height":844,"timestamp":3467076.321,"frameSwapWallTime":1770219135931.8098}
{"type":"screencast-frame","pageId":"page@757f4f0249d7f8a50573a04e76c657e0","sha1":"page@757f4f0249d7f8a50573a04e76c657e0-1770219138715.jpeg","width":390,"height":844,"timestamp":3469858.072,"frameSwapWallTime":1770219138713.313}
{"type":"screencast-frame","pageId":"page@757f4f0249d7f8a50573a04e76c657e0","sha1":"page@757f4f0249d7f8a50573a04e76c657e0-1770219138765.jpeg","width":390,"height":844,"timestamp":3469907.383,"frameSwapWallTime":1770219138762.5598}
{"type":"screencast-frame","pageId":"page@757f4f0249d7f8a50573a04e76c657e0","sha1":"page@757f4f0249d7f8a50573a04e76c657e0-1770219138809.jpeg","width":390,"height":844,"timestamp":3469952.062,"frameSwapWallTime":1770219138807.6228}
{"type":"screencast-frame","pageId":"page@757f4f0249d7f8a50573a04e76c657e0","sha1":"page@757f4f0249d7f8a50573a04e76c657e0-1770219138854.jpeg","width":390,"height":844,"timestamp":3469997.074,"frameSwapWallTime":1770219138852.622}
{"type":"screencast-frame","pageId":"page@757f4f0249d7f8a50573a04e76c657e0","sha1":"page@757f4f0249d7f8a50573a04e76c657e0-1770219138945.jpeg","width":390,"height":844,"timestamp":3470087.583,"frameSwapWallTime":1770219138943.2148}
{"type":"screencast-frame","pageId":"page@757f4f0249d7f8a50573a04e76c657e0","sha1":"page@757f4f0249d7f8a50573a04e76c657e0-1770219141706.jpeg","width":390,"height":844,"timestamp":3472849.308,"frameSwapWallTime":1770219141704.0479}
{"type":"screencast-frame","pageId":"page@757f4f0249d7f8a50573a04e76c657e0","sha1":"page@757f4f0249d7f8a50573a04e76c657e0-1770219141746.jpeg","width":390,"height":844,"timestamp":3472888.918,"frameSwapWallTime":1770219141744.004}
{"type":"screencast-frame","pageId":"page@757f4f0249d7f8a50573a04e76c657e0","sha1":"page@757f4f0249d7f8a50573a04e76c657e0-1770219141792.jpeg","width":390,"height":844,"timestamp":3472934.953,"frameSwapWallTime":1770219141790.563}
{"type":"screencast-frame","pageId":"page@757f4f0249d7f8a50573a04e76c657e0","sha1":"page@757f4f0249d7f8a50573a04e76c657e0-1770219141838.jpeg","width":390,"height":844,"timestamp":3472980.482,"frameSwapWallTime":1770219141835.8108}
{"type":"screencast-frame","pageId":"page@757f4f0249d7f8a50573a04e76c657e0","sha1":"page@757f4f0249d7f8a50573a04e76c657e0-1770219141981.jpeg","width":390,"height":844,"timestamp":3473123.373,"frameSwapWallTime":1770219141978.966}
{"type":"event","time":3474405.264,"class":"BrowserContext","method":"pageClosed","params":{"pageId":"page@757f4f0249d7f8a50573a04e76c657e0"}}
